Date,"Coal Richards Bay 4800kcal NAR fob, London close, USD/t","Coal Richards Bay 5500kcal NAR fob, London close, USD/t","Coal Richards Bay 5700kcal NAR fob, London close, USD/t","Coal Richards Bay 6000kcal NAR fob current week avg, No time stamp, USD/t","Coal India 5500kcal NAR cfr, London close, USD/t",Crude Oil_Price,Brent Oil_Price,Dubai Crude_Price,Dutch TTF_Price,Natural Gas_Price
2020-04-02,41.0,53.22,64.7,97.56,60.5,28.05,29.94,26.16,6.935,1.672
2020-04-03,40.34,52.36,63.1,70.57,62.03,30.9,34.11,29.39,6.92,1.738
2020-04-06,40.34,52.36,63.1,70.57,62.03,29.98,33.05,27.45,7.285,1.844
2020-04-07,40.34,52.36,63.1,70.57,62.03,28.69,31.87,26.0,7.285,1.949
2020-04-08,40.34,52.36,63.1,70.57,62.03,30.17,32.84,26.16,7.26,1.896
2020-04-09,33.82,43.58,54.81,59.57,54.74,28.82,31.48,23.26,7.28,1.863
2020-04-13,33.82,43.58,54.81,59.57,54.74,29.26,31.74,24.74,7.28,1.879
2020-04-14,33.82,43.58,54.81,59.57,54.74,27.4,29.6,21.96,6.875,1.826
2020-04-15,33.82,43.58,54.81,59.57,54.74,26.04,27.69,21.46,6.65,1.748
2020-04-16,33.82,43.58,54.81,59.57,54.74,25.53,27.82,21.71,6.905,1.845
2020-04-17,31.49,38.44,51.1,51.7,48.89,25.03,28.08,22.23,6.995,1.903
2020-04-20,31.49,38.44,51.1,51.7,48.89,20.43,25.57,21.47,6.62,2.049
2020-04-21,31.49,38.44,51.1,51.7,48.89,11.57,19.33,19.07,6.315,1.984
2020-04-22,31.49,38.44,51.1,51.7,48.89,20.69,20.37,20.0,6.225,2.053
2020-04-23,31.49,38.44,51.1,51.7,48.89,21.44,21.33,20.45,6.055,1.942
2020-04-24,26.75,34.56,44.69,44.53,41.81,21.22,21.44,20.45,5.77,1.895
2020-04-27,26.75,34.56,44.69,44.53,41.81,18.08,19.99,20.37,5.94,1.916
2020-04-28,26.75,34.56,44.69,44.53,41.81,17.6,20.46,20.41,6.145,1.948
2020-04-29,26.75,34.56,44.69,44.53,41.81,19.12,22.54,20.38,6.015,2.091
2020-04-30,26.75,34.56,44.69,44.53,41.81,21.85,25.27,20.39,6.22,2.17
2020-05-01,30.0,37.97,47.89,49.47,42.99,22.29,26.44,25.3,5.845,2.134
2020-05-04,30.0,37.97,47.89,49.47,42.99,22.78,27.2,26.2,5.74,2.23
2020-05-05,30.0,37.97,47.89,49.47,42.99,26.49,30.97,28.94,5.675,2.312
2020-05-06,30.0,37.97,47.89,49.47,42.99,25.62,29.72,27.35,5.765,2.171
2020-05-07,31.61,40.68,50.66,51.91,45.77,24.83,29.46,27.14,5.845,2.127
2020-05-08,31.61,40.68,50.66,51.91,45.77,26.17,30.97,28.54,5.83,2.077
2020-05-11,31.61,40.68,50.66,51.91,45.77,25.08,29.63,27.27,5.705,2.085
2020-05-12,31.61,40.68,50.66,51.91,45.77,26.33,29.98,26.81,5.315,1.965
2020-05-13,31.61,40.68,50.66,51.91,45.77,25.68,29.19,26.68,5.12,1.856
2020-05-14,31.61,40.68,50.66,51.91,45.77,27.88,31.13,29.2,5.265,1.884
2020-05-15,32.98,42.39,52.37,53.17,48.75,29.52,32.5,29.8,5.22,1.833
2020-05-18,32.98,42.39,52.37,53.17,48.75,31.65,34.81,30.55,4.92,1.959
2020-05-19,32.98,42.39,52.37,53.17,48.75,31.96,34.65,30.42,4.61,1.985
2020-05-20,32.98,42.39,52.37,53.17,48.75,33.94,35.75,30.57,4.46,1.909
2020-05-21,32.98,42.39,52.37,53.17,48.75,34.34,36.06,30.62,3.825,1.852
2020-05-22,33.86,42.98,52.33,54.93,50.16,33.65,35.13,30.34,3.89,1.881
2020-05-26,33.86,42.98,52.33,54.93,50.16,34.77,36.17,30.59,4.125,1.945
2020-05-27,33.86,42.98,52.33,54.93,50.16,33.23,34.74,30.43,3.695,1.886
2020-05-28,33.86,42.98,52.33,54.93,50.16,34.06,35.29,30.51,3.51,1.919
2020-05-29,34.53,43.62,53.26,55.27,50.96,35.84,35.33,30.47,4.385,1.94
2020-06-01,34.53,43.62,53.26,55.27,50.96,35.79,38.32,38.32,4.055,1.871
2020-06-02,34.53,43.62,53.26,55.27,50.96,37.06,39.57,39.17,4.85,1.876
2020-06-03,34.53,43.62,53.26,55.27,50.96,37.59,39.79,39.26,5.33,1.915
2020-06-04,34.53,43.62,53.26,55.27,50.96,37.72,39.99,39.15,5.39,1.917
2020-06-05,36.7,45.35,55.02,59.32,53.47,39.8,42.3,41.32,5.71,1.886
2020-06-08,36.7,45.35,55.02,59.32,53.47,38.43,40.8,40.69,5.25,1.892
2020-06-09,36.7,45.35,55.02,59.32,53.47,39.16,41.18,40.82,4.805,1.863
2020-06-10,36.7,45.35,55.02,59.32,53.47,39.78,41.73,41.52,4.8,1.87
2020-06-11,36.7,45.35,55.02,59.32,53.47,36.57,38.55,39.44,4.99,1.9
2020-06-12,34.1,42.0,51.58,55.34,50.81,36.51,38.73,39.5,5.275,1.815
2020-06-15,34.1,42.0,51.58,55.34,50.81,37.43,39.72,39.85,5.515,1.76
2020-06-16,34.1,42.0,51.58,55.34,50.81,38.65,40.96,40.28,5.26,1.701
2020-06-17,34.1,42.0,51.58,55.34,50.81,38.21,40.71,40.23,5.21,1.727
2020-06-18,34.1,42.0,51.58,55.34,50.81,39.05,41.51,40.63,5.45,1.728
2020-06-19,32.91,40.96,50.86,54.15,51.71,39.83,42.19,41.07,5.615,1.748
2020-06-22,32.91,40.96,50.86,54.15,51.71,40.73,43.08,41.12,5.495,1.738
2020-06-23,32.91,40.96,50.86,54.15,51.71,40.51,42.63,41.04,5.83,1.691
2020-06-24,32.91,40.96,50.86,54.15,51.71,38.21,40.31,40.64,5.665,1.661
2020-06-25,32.91,40.96,50.86,54.15,51.71,38.91,41.05,40.78,5.255,1.546
2020-06-26,32.54,40.3,48.43,50.05,51.45,38.65,41.02,40.81,5.105,1.544
2020-06-29,32.54,40.3,48.43,50.05,51.45,39.81,41.71,40.8,5.84,1.754
2020-06-30,32.54,40.3,48.43,50.05,51.45,39.34,41.15,40.79,6.165,1.789
2020-07-01,32.54,40.3,48.43,50.05,51.45,39.92,42.03,42.26,5.865,1.721
2020-07-02,32.54,40.3,48.43,50.05,51.45,40.76,43.14,43.2,5.945,1.785
2020-07-03,32.61,40.2,49.91,53.15,49.92,40.28,42.8,43.2,5.945,1.746
2020-07-06,32.61,40.2,49.91,53.15,49.92,40.73,43.1,42.89,6.095,1.893
2020-07-07,32.61,40.2,49.91,53.15,49.92,40.7,43.08,43.09,6.125,1.939
2020-07-08,32.61,40.2,49.91,53.15,49.92,41.04,43.29,43.29,5.935,1.876
2020-07-09,32.61,40.2,49.91,53.15,49.92,39.83,42.35,42.79,5.755,1.821
2020-07-10,33.5,40.83,50.12,53.56,51.16,40.76,43.24,43.4,5.475,1.847
2020-07-13,33.5,40.83,50.12,53.56,51.16,40.32,42.72,43.1,5.11,1.797
2020-07-14,33.5,40.83,50.12,53.56,51.16,40.55,42.9,43.22,5.085,1.787
2020-07-15,33.5,40.83,50.12,53.56,51.16,41.4,43.79,43.78,5.225,1.818
2020-07-16,33.5,40.83,50.12,53.56,51.16,40.93,43.37,43.3,5.06,1.776
2020-07-17,33.01,40.43,49.88,54.84,51.88,40.75,43.14,43.0,5.115,1.765
2020-07-20,33.01,40.43,49.88,54.84,51.88,40.92,43.28,43.05,4.73,1.684
2020-07-21,33.01,40.43,49.88,54.84,51.88,41.92,44.32,43.58,4.79,1.714
2020-07-22,33.01,40.43,49.88,54.84,51.88,42.04,44.29,43.62,4.83,1.718
2020-07-23,33.01,40.43,49.88,54.84,51.88,41.21,43.31,43.3,4.985,1.835
2020-07-24,32.56,40.01,49.17,53.33,50.61,41.45,43.34,43.28,5.01,1.867
2020-07-27,32.56,40.01,49.17,53.33,50.61,41.8,43.41,43.33,4.785,1.786
2020-07-28,32.56,40.01,49.17,53.33,50.61,41.28,43.22,43.28,4.96,1.864
2020-07-29,32.56,40.01,49.17,53.33,50.61,41.54,43.75,43.29,5.175,1.93
2020-07-30,32.56,40.01,49.17,53.33,50.61,40.24,42.94,43.28,5.225,1.991
2020-07-31,32.07,39.97,48.83,52.12,49.7,40.57,43.3,42.54,6.025,1.957
2020-08-03,32.07,39.97,48.83,52.12,49.7,41.31,44.15,43.39,6.8,2.239
2020-08-04,32.07,39.97,48.83,52.12,49.7,41.91,44.43,43.4,7.355,2.334
2020-08-05,32.07,39.97,48.83,52.12,49.7,42.43,45.17,43.88,7.32,2.331
2020-08-06,32.07,39.97,48.83,52.12,49.7,42.2,45.09,43.61,7.94,2.305
2020-08-07,33.21,41.52,50.12,54.02,51.84,41.49,44.4,43.33,7.93,2.376
2020-08-10,33.21,41.52,50.12,54.02,51.84,42.17,44.99,43.78,7.59,2.287
2020-08-11,33.21,41.52,50.12,54.02,51.84,41.87,44.5,43.38,7.415,2.311
2020-08-12,33.21,41.52,50.12,54.02,51.84,42.95,45.43,43.97,7.17,2.297
2020-08-13,33.21,41.52,50.12,54.02,51.84,42.52,44.96,43.59,7.31,2.324
2020-08-14,32.24,41.5,49.83,54.21,53.43,42.31,44.8,43.39,8.02,2.495
2020-08-17,32.24,41.5,49.83,54.21,53.43,43.17,45.37,43.78,8.18,2.476
2020-08-18,32.24,41.5,49.83,54.21,53.43,43.12,45.46,43.96,8.55,2.556
2020-08-19,32.24,41.5,49.83,54.21,53.43,43.11,45.37,43.96,8.355,2.563
2020-08-20,32.24,41.5,49.83,54.21,53.43,42.82,44.9,43.78,8.15,2.503
2020-08-21,34.0,44.09,51.33,56.36,54.22,42.62,44.35,43.69,7.62,2.573
2020-08-24,34.0,44.09,51.33,56.36,54.22,42.93,45.13,43.91,8.36,2.616
2020-08-25,34.0,44.09,51.33,56.36,54.22,43.65,45.86,44.0,8.865,2.596
2020-08-26,34.0,44.09,51.33,56.36,54.22,43.69,45.64,43.96,9.15,2.574
2020-08-27,34.0,44.09,51.33,56.36,54.22,43.31,45.09,43.96,8.87,2.71
2020-08-28,33.42,44.2,51.22,55.91,55.28,43.29,45.05,43.94,11.17,2.916
2020-08-31,33.42,44.2,51.22,55.91,55.28,42.9,45.28,43.99,11.24,2.92
2020-09-01,33.42,44.2,51.22,55.91,55.28,43.08,45.58,44.85,11.295,2.901
2020-09-02,33.42,44.2,51.22,55.91,55.28,41.85,44.43,43.83,11.11,2.931
2020-09-03,33.42,44.2,51.22,55.91,55.28,41.72,44.07,43.61,11.735,2.927
2020-09-04,34.32,45.09,52.71,57.13,56.0,40.15,42.66,42.61,11.68,2.987
2020-09-07,34.32,45.09,52.71,57.13,56.0,39.2,42.01,42.61,11.68,2.541
2020-09-08,34.32,45.09,52.71,57.13,56.0,37.19,39.78,40.2,10.8,2.892
2020-09-09,34.32,45.09,52.71,57.13,56.0,38.41,40.79,40.78,10.735,2.873
2020-09-10,34.32,45.09,52.71,57.13,56.0,37.66,40.06,40.25,10.515,2.798
2020-09-11,33.14,43.56,51.58,55.72,55.52,37.65,39.83,40.24,10.495,2.744
2020-09-14,33.14,43.56,51.58,55.72,55.52,37.56,39.61,40.15,10.705,2.74
2020-09-15,33.14,43.56,51.58,55.72,55.52,38.55,40.53,40.69,10.895,2.741
2020-09-16,33.14,43.56,51.58,55.72,55.52,40.41,42.22,41.58,11.32,2.664
2020-09-17,33.14,43.56,51.58,55.72,55.52,41.22,43.3,42.02,11.12,2.577
2020-09-18,34.18,45.13,53.19,56.18,55.66,41.32,43.15,42.01,11.475,2.633
2020-09-21,34.18,45.13,53.19,56.18,55.66,39.54,41.44,41.41,11.495,2.71
2020-09-22,34.18,45.13,53.19,56.18,55.66,39.8,41.72,41.5,11.705,2.597
2020-09-23,34.18,45.13,53.19,56.18,55.66,40.22,41.77,41.49,12.02,2.794
2020-09-24,34.18,45.13,53.19,56.18,55.66,40.58,41.94,41.56,11.635,2.899
2020-09-25,35.59,48.02,56.57,58.95,59.12,40.51,41.92,41.6,11.665,2.807
2020-09-28,35.59,48.02,56.57,58.95,59.12,40.87,42.43,41.62,12.35,2.795
2020-09-29,35.59,48.02,56.57,58.95,59.12,39.56,41.03,41.53,12.28,3.118
2020-09-30,35.59,48.02,56.57,58.95,59.12,40.47,40.95,41.49,13.285,3.117
2020-10-01,35.59,48.02,56.57,58.95,59.12,39.01,40.93,40.3,13.18,3.062
2020-10-02,35.81,49.65,58.87,61.72,58.67,37.34,39.27,38.48,13.025,2.991
2020-10-05,35.81,49.65,58.87,61.72,58.67,39.5,41.29,40.42,13.42,3.161
2020-10-06,35.81,49.65,58.87,61.72,58.67,40.93,42.65,41.56,13.305,3.096
2020-10-07,35.81,49.65,58.87,61.72,58.67,40.23,41.99,40.98,13.71,3.149
2020-10-08,35.81,49.65,58.87,61.72,58.67,41.47,43.34,41.88,13.9,3.149
2020-10-09,35.33,47.56,56.82,59.93,57.95,40.91,42.85,41.48,13.755,3.204
2020-10-12,35.33,47.56,56.82,59.93,57.95,39.73,41.72,40.78,13.84,3.271
2020-10-13,35.33,47.56,56.82,59.93,57.95,40.49,42.45,41.24,13.595,3.247
2020-10-14,35.33,47.56,56.82,59.93,57.95,41.34,43.32,41.78,13.87,3.189
2020-10-15,35.33,47.56,56.82,59.93,57.95,41.24,43.16,41.65,14.24,3.261
2020-10-16,33.86,45.32,54.61,57.01,56.36,41.12,42.93,41.48,14.5,3.271
2020-10-19,33.86,45.32,54.61,57.01,56.36,41.06,42.62,41.37,14.72,3.28
2020-10-20,33.86,45.32,54.61,57.01,56.36,41.7,43.16,41.59,14.895,3.26
2020-10-21,33.86,45.32,54.61,57.01,56.36,40.31,41.73,41.07,14.865,3.348
2020-10-22,33.86,45.32,54.61,57.01,56.36,40.94,42.46,41.31,15.255,3.272
2020-10-23,34.56,45.67,55.01,57.37,56.1,40.15,41.77,41.14,15.41,3.195
2020-10-26,34.56,45.67,55.01,57.37,56.1,38.89,40.46,40.89,14.865,3.253
2020-10-27,34.56,45.67,55.01,57.37,56.1,39.87,41.2,40.98,14.745,3.311
2020-10-28,34.56,45.67,55.01,57.37,56.1,37.72,39.12,40.75,14.485,3.291
2020-10-29,34.56,45.67,55.01,57.37,56.1,36.51,37.65,40.68,14.215,3.417
2020-10-30,35.11,46.43,55.61,59.71,56.48,36.15,37.46,40.66,14.06,3.469
2020-11-02,35.11,46.43,55.61,59.71,56.48,37.18,38.97,38.36,13.655,3.375
2020-11-03,35.11,46.43,55.61,59.71,56.48,37.99,39.71,39.16,13.665,3.195
2020-11-04,35.11,46.43,55.61,59.71,56.48,39.47,41.23,40.55,13.885,3.177
2020-11-05,35.11,46.43,55.61,59.71,56.48,39.11,40.93,40.14,14.455,3.084
2020-11-06,36.13,47.56,56.76,61.35,57.65,37.49,39.45,39.28,13.9,3.031
2020-11-09,36.13,47.56,56.76,61.35,57.65,40.62,42.4,41.4,13.855,2.999
2020-11-10,36.13,47.56,56.76,61.35,57.65,41.67,43.61,42.19,14.035,3.073
2020-11-11,36.13,47.56,56.76,61.35,57.65,41.74,43.8,42.36,14.095,3.151
2020-11-12,36.13,47.56,56.76,61.35,57.65,41.41,43.53,42.37,14.0,3.094
2020-11-13,38.86,50.86,60.87,67.13,59.33,40.4,42.78,41.87,14.24,3.122
2020-11-16,38.86,50.86,60.87,67.13,59.33,41.57,43.82,42.52,14.495,2.864
2020-11-17,38.86,50.86,60.87,67.13,59.33,41.65,43.75,42.49,13.97,2.844
2020-11-18,38.86,50.86,60.87,67.13,59.33,42.01,44.34,42.69,13.68,2.838
2020-11-19,38.86,50.86,60.87,67.13,59.33,41.9,44.2,42.6,13.02,2.72
2020-11-20,40.1,51.78,62.43,69.79,60.38,42.42,44.96,42.84,12.895,2.77
2020-11-23,40.1,51.78,62.43,69.79,60.38,43.28,46.06,43.08,13.535,2.823
2020-11-24,40.1,51.78,62.43,69.79,60.38,45.11,47.86,43.4,13.9,2.9
2020-11-25,40.1,51.78,62.43,69.79,60.38,45.91,48.61,43.52,13.93,2.961
2020-11-26,40.1,51.78,62.43,69.79,60.38,44.98,47.8,43.52,13.93,2.93
2020-11-27,43.19,55.76,68.39,77.72,66.19,45.74,48.18,43.44,14.485,2.832
2020-11-30,43.19,55.76,68.39,77.72,66.19,45.51,47.59,43.39,15.14,2.865
2020-12-01,43.19,55.76,68.39,77.72,66.19,44.73,47.42,46.96,14.91,2.868
2020-12-02,43.19,55.76,68.39,77.72,66.19,45.44,48.25,47.67,14.905,2.778
2020-12-03,43.19,55.76,68.39,77.72,66.19,45.79,48.71,48.04,14.145,2.515
2020-12-04,44.27,59.58,74.18,81.9,71.19,46.42,49.25,48.35,14.645,2.586
2020-12-07,44.27,59.58,74.18,81.9,71.19,45.95,48.79,48.23,14.355,2.433
2020-12-08,44.27,59.58,74.18,81.9,71.19,45.8,48.84,48.28,14.445,2.422
2020-12-09,44.27,59.58,74.18,81.9,71.19,45.72,48.86,48.42,14.735,2.456
2020-12-10,44.27,59.58,74.18,81.9,71.19,46.96,50.25,49.29,15.54,2.57
2020-12-11,44.95,59.94,74.55,84.49,69.44,46.75,49.97,49.22,15.96,2.603
2020-12-14,44.95,59.94,74.55,84.49,69.44,47.15,50.29,49.46,16.605,2.678
2020-12-15,44.95,59.94,74.55,84.49,69.44,47.78,50.76,49.81,17.225,2.68
2020-12-16,44.95,59.94,74.55,84.49,69.44,48.0,51.08,49.96,16.38,2.681
2020-12-17,44.95,59.94,74.55,84.49,69.44,48.54,51.5,50.08,15.94,2.637
2020-12-18,50.37,66.25,82.07,97.92,74.89,49.24,52.26,50.34,15.885,2.681
2020-12-21,50.37,66.25,82.07,97.92,74.89,47.97,50.91,49.86,16.795,2.689
2020-12-22,50.37,66.25,82.07,97.92,74.89,47.16,50.08,49.57,17.635,2.749
2020-12-23,50.37,66.25,82.07,97.92,74.89,48.24,51.2,49.81,17.505,2.588
2020-12-24,48.79,65.58,81.31,97.4,75.83,48.35,51.29,49.84,17.65,2.512
2020-12-28,48.79,65.58,81.31,97.4,75.83,47.77,50.86,49.77,19.15,2.326
2020-12-29,48.79,65.58,81.31,97.4,75.83,48.14,51.09,49.78,18.775,2.444
2020-12-30,48.79,65.58,81.31,97.4,75.83,48.5,51.34,49.82,19.0,2.422
2020-12-31,47.03,62.38,76.92,91.34,73.43,48.63,51.8,49.81,19.125,2.526
2021-01-04,47.03,62.38,76.92,91.34,73.43,47.76,51.09,50.61,19.845,2.561
2021-01-05,47.03,62.38,76.92,91.34,73.43,50.01,53.6,52.84,18.005,2.673
2021-01-06,47.03,62.38,76.92,91.34,73.43,50.69,54.3,53.63,17.565,2.684
2021-01-07,47.03,62.38,76.92,91.34,73.43,50.87,54.38,53.78,19.305,2.691
2021-01-08,46.09,62.53,76.28,87.88,69.63,52.26,55.99,55.06,20.12,2.656
2021-01-11,46.09,62.53,76.28,87.88,69.63,52.27,55.66,54.78,22.125,2.703
2021-01-12,46.09,62.53,76.28,87.88,69.63,53.24,56.58,55.37,26.155,2.707
2021-01-13,46.09,62.53,76.28,87.88,69.63,52.96,56.06,54.96,21.5,2.689
2021-01-14,46.09,62.53,76.28,87.88,69.63,53.62,56.42,55.17,21.335,2.63
2021-01-15,49.78,67.84,81.81,95.54,72.55,52.42,55.1,54.53,20.2,2.696
2021-01-18,49.78,67.84,81.81,95.54,72.55,52.36,54.75,54.53,20.2,2.637
2021-01-19,49.78,67.84,81.81,95.54,72.55,52.98,55.9,54.89,20.325,2.529
2021-01-20,49.78,67.84,81.81,95.54,72.55,53.31,56.08,54.97,20.26,2.533
2021-01-21,49.78,67.84,81.81,95.54,72.55,53.05,56.1,54.95,20.065,2.497
2021-01-22,45.25,62.04,76.72,89.97,72.96,52.19,55.41,54.76,21.485,2.456
2021-01-25,45.25,62.04,76.72,89.97,72.96,52.67,55.88,54.87,20.16,2.598
2021-01-26,45.25,62.04,76.72,89.97,72.96,52.52,55.91,54.82,19.51,2.636
2021-01-27,45.25,62.04,76.72,89.97,72.96,52.73,55.81,54.81,19.7,2.702
2021-01-28,45.25,62.04,76.72,89.97,72.96,52.24,55.53,54.76,20.91,2.675
2021-01-29,45.53,62.85,77.12,87.76,71.34,52.08,55.88,54.77,19.82,2.592
2021-02-01,45.53,62.85,77.12,87.76,71.34,53.42,56.35,55.66,18.14,2.821
2021-02-02,45.53,62.85,77.12,87.76,71.34,54.62,57.46,56.71,18.25,2.818
2021-02-03,45.53,62.85,77.12,87.76,71.34,55.54,58.46,57.69,17.855,2.772
2021-02-04,45.53,62.85,77.12,87.76,71.34,56.07,58.84,57.97,18.12,2.889
2021-02-05,43.02,60.88,74.72,83.95,70.01,56.7,59.34,58.4,18.38,2.841
2021-02-08,43.02,60.88,74.72,83.95,70.01,57.83,60.56,59.36,20.18,2.862
2021-02-09,43.02,60.88,74.72,83.95,70.01,58.25,61.09,59.63,19.045,2.823
2021-02-10,43.02,60.88,74.72,83.95,70.01,58.57,61.47,59.69,18.56,2.879
2021-02-11,43.02,60.88,74.72,83.95,70.01,58.14,61.14,59.56,17.375,2.836
2021-02-12,46.13,64.23,78.89,90.18,73.09,59.38,62.43,60.23,17.62,2.876
2021-02-15,46.13,64.23,78.89,90.18,73.09,60.09,63.3,60.23,17.62,3.067
2021-02-16,46.13,64.23,78.89,90.18,73.09,60.08,63.35,60.6,16.715,2.983
2021-02-17,46.13,64.23,78.89,90.18,73.09,61.16,64.34,60.89,16.54,3.032
2021-02-18,46.13,64.23,78.89,90.18,73.09,60.53,63.93,60.59,17.33,2.97
2021-02-19,45.36,62.33,76.59,89.3,79.0,59.26,62.91,60.2,16.555,2.991
2021-02-22,45.36,62.33,76.59,89.3,79.0,61.7,65.24,60.62,15.96,2.936
2021-02-23,45.36,62.33,76.59,89.3,79.0,61.43,65.37,60.63,16.25,2.857
2021-02-24,45.36,62.33,76.59,89.3,79.0,63.0,67.04,60.81,16.38,2.795
2021-02-25,45.36,62.33,76.59,89.3,79.0,63.22,66.88,60.84,15.935,2.809
2021-02-26,44.5,60.84,75.25,85.6,74.07,61.23,66.13,60.85,15.695,2.809
2021-03-01,44.5,60.84,75.25,85.6,74.07,60.42,63.69,62.28,16.08,2.818
2021-03-02,44.5,60.84,75.25,85.6,74.07,59.57,62.7,61.33,15.87,2.875
2021-03-03,44.5,60.84,75.25,85.6,74.07,61.1,64.07,62.55,15.525,2.849
2021-03-04,44.5,60.84,75.25,85.6,74.07,63.62,66.74,64.8,15.93,2.781
2021-03-05,45.75,62.25,77.27,90.96,76.74,65.92,69.36,66.89,16.365,2.739
2021-03-08,45.75,62.25,77.27,90.96,76.74,64.93,68.24,65.84,16.15,2.698
2021-03-09,45.75,62.25,77.27,90.96,76.74,63.99,67.52,65.37,16.925,2.696
2021-03-10,45.75,62.25,77.27,90.96,76.74,64.42,67.9,65.54,17.63,2.728
2021-03-11,45.75,62.25,77.27,90.96,76.74,66.0,69.63,66.65,18.125,2.703
2021-03-12,45.37,62.48,77.66,91.56,77.04,65.64,69.22,66.5,18.45,2.636
2021-03-15,45.37,62.48,77.66,91.56,77.04,65.44,68.88,66.38,17.93,2.523
2021-03-16,45.37,62.48,77.66,91.56,77.04,64.86,68.39,66.05,17.66,2.597
2021-03-17,45.37,62.48,77.66,91.56,77.04,64.63,68.0,65.77,17.97,2.555
2021-03-18,45.37,62.48,77.66,91.56,77.04,60.06,63.28,63.9,17.76,2.511
2021-03-19,50.48,67.69,83.4,96.48,80.22,61.44,64.53,64.57,17.265,2.566
2021-03-22,50.48,67.69,83.4,96.48,80.22,61.56,64.62,64.71,18.045,2.619
2021-03-23,50.48,67.69,83.4,96.48,80.22,57.78,60.79,63.72,18.39,2.554
2021-03-24,50.48,67.69,83.4,96.48,80.22,61.16,64.41,64.5,18.59,2.568
2021-03-25,50.48,67.69,83.4,96.48,80.22,58.57,61.95,64.05,18.365,2.616
2021-03-26,49.07,72.39,87.65,100.1,81.08,60.96,64.57,64.43,18.7,2.619
2021-03-29,49.07,72.39,87.65,100.1,81.08,61.53,64.98,64.42,18.445,2.653
2021-03-30,49.07,72.39,87.65,100.1,81.08,60.56,64.14,64.41,18.805,2.681
2021-03-31,49.07,72.39,87.65,100.1,81.08,59.18,63.54,64.41,18.995,2.667
2021-04-01,50.24,67.32,82.07,96.6,81.41,61.48,64.86,63.27,19.17,2.697
2021-04-05,50.24,67.32,82.07,96.6,81.41,58.68,62.15,60.71,19.17,2.582
2021-04-06,50.24,67.32,82.07,96.6,81.41,59.37,62.74,60.96,19.78,2.536
2021-04-07,50.24,67.32,82.07,96.6,81.41,59.81,63.16,61.46,19.285,2.597
2021-04-08,50.24,67.32,82.07,96.6,81.41,59.63,63.2,61.47,18.99,2.607
2021-04-09,49.82,67.88,82.89,95.95,81.99,59.35,62.95,61.19,18.94,2.605
2021-04-12,49.82,67.88,82.89,95.95,81.99,59.75,63.28,61.3,19.65,2.643
2021-04-13,49.82,67.88,82.89,95.95,81.99,60.24,63.67,61.53,19.51,2.696
2021-04-14,49.82,67.88,82.89,95.95,81.99,63.22,66.58,63.26,19.68,2.693
2021-04-15,49.82,67.88,82.89,95.95,81.99,63.51,66.94,63.48,20.26,2.73
2021-04-16,48.63,65.73,82.91,89.92,78.66,63.19,66.77,63.42,20.54,2.754
2021-04-19,48.63,65.73,82.91,89.92,78.66,63.43,67.05,63.47,20.94,2.818
2021-04-20,48.63,65.73,82.91,89.92,78.66,62.67,66.57,63.23,21.065,2.803
2021-04-21,48.63,65.73,82.91,89.92,78.66,61.27,65.32,62.71,21.11,2.776
2021-04-22,48.63,65.73,82.91,89.92,78.66,61.34,65.4,62.68,21.37,2.831
2021-04-23,48.78,65.6,81.43,90.72,82.38,62.02,66.11,62.8,20.045,2.818
2021-04-26,48.78,65.6,81.43,90.72,82.38,61.8,65.65,62.62,20.0,2.874
2021-04-27,48.78,65.6,81.43,90.72,82.38,62.8,66.42,62.75,21.405,2.942
2021-04-28,48.78,65.6,81.43,90.72,82.38,63.75,67.27,62.81,21.555,2.96
2021-04-29,48.78,65.6,81.43,90.72,82.38,64.88,68.56,62.9,22.5,2.961
2021-04-30,47.25,66.38,81.81,93.14,81.03,63.48,67.25,62.89,23.285,2.978
2021-05-03,47.25,66.38,81.81,93.14,81.03,64.41,67.56,65.03,23.815,3.014
2021-05-04,47.25,66.38,81.81,93.14,81.03,65.61,68.88,66.35,23.05,3.012
2021-05-05,47.25,66.38,81.81,93.14,81.03,65.59,68.96,66.65,23.96,2.982
2021-05-06,47.25,66.38,81.81,93.14,81.03,64.67,68.09,66.01,24.33,2.974
2021-05-07,52.56,70.27,86.39,100.49,84.03,64.88,68.28,66.15,23.94,3.004
2021-05-10,52.56,70.27,86.39,100.49,84.03,64.93,68.32,66.2,25.19,2.978
2021-05-11,52.56,70.27,86.39,100.49,84.03,65.3,68.55,66.32,25.805,2.999
2021-05-12,52.56,70.27,86.39,100.49,84.03,66.1,69.32,66.77,26.42,3.018
2021-05-13,52.56,70.27,86.39,100.49,84.03,63.84,67.05,65.42,26.25,3.025
2021-05-14,55.17,74.66,93.04,103.85,87.32,65.36,68.71,66.33,26.83,3.018
2021-05-17,55.17,74.66,93.04,103.85,87.32,66.28,69.46,66.82,26.31,3.164
2021-05-18,55.17,74.66,93.04,103.85,87.32,65.5,68.71,66.64,24.81,3.078
2021-05-19,55.17,74.66,93.04,103.85,87.32,63.35,66.66,65.92,22.665,3.028
2021-05-20,55.17,74.66,93.04,103.85,87.32,61.94,65.11,65.39,24.685,2.991
2021-05-21,57.22,76.72,91.69,105.4,88.39,63.36,66.44,65.73,24.795,2.977
2021-05-24,57.22,76.72,91.69,105.4,88.39,65.78,68.46,66.26,24.76,2.96
2021-05-25,57.22,76.72,91.69,105.4,88.39,65.79,68.65,66.3,26.19,2.974
2021-05-26,57.22,76.72,91.69,105.4,88.39,65.96,68.87,66.33,26.425,3.027
2021-05-27,57.22,76.72,91.69,105.4,88.39,66.6,69.46,66.32,25.2,2.978
2021-05-28,59.18,78.6,94.65,112.1,92.26,66.1,69.63,66.28,24.93,3.007
2021-05-31,59.18,78.6,94.65,112.1,92.26,66.96,69.32,66.28,24.93,3.055
2021-06-01,59.18,78.6,94.65,112.1,92.26,67.52,70.25,68.49,25.975,3.126
2021-06-02,59.18,78.6,94.65,112.1,92.26,68.63,71.35,69.5,25.725,3.094
2021-06-03,59.18,78.6,94.65,112.1,92.26,68.6,71.31,69.47,25.705,3.059
2021-06-04,61.73,82.33,98.66,112.6,96.44,69.39,71.89,70.03,25.795,3.114
2021-06-07,61.73,82.33,98.66,112.6,96.44,69.04,71.49,69.84,26.49,3.089
2021-06-08,61.73,82.33,98.66,112.6,96.44,69.87,72.22,70.36,27.8,3.14
2021-06-09,61.73,82.33,98.66,112.6,96.44,69.79,72.22,70.34,28.3,3.144
2021-06-10,61.73,82.33,98.66,112.6,96.44,70.09,72.52,70.52,28.685,3.166
2021-06-11,66.44,86.03,101.82,117.59,99.19,70.6,72.69,70.61,27.845,3.311
2021-06-14,66.44,86.03,101.82,117.59,99.19,70.63,72.86,70.78,28.81,3.367
2021-06-15,66.44,86.03,101.82,117.59,99.19,71.86,73.99,71.39,28.135,3.256
2021-06-16,66.44,86.03,101.82,117.59,99.19,71.95,74.39,71.56,28.03,3.271
2021-06-17,66.44,86.03,101.82,117.59,99.19,70.78,73.08,70.94,28.31,3.275
2021-06-18,65.54,86.48,103.31,116.28,102.04,71.29,73.51,71.07,29.405,3.236
2021-06-21,65.54,86.48,103.31,116.28,102.04,73.12,74.9,71.48,29.615,3.215
2021-06-22,65.54,86.48,103.31,116.28,102.04,72.85,74.81,71.41,30.735,3.277
2021-06-23,65.54,86.48,103.31,116.28,102.04,72.36,75.19,71.52,31.545,3.352
2021-06-24,65.54,86.48,103.31,116.28,102.04,72.63,75.56,71.6,32.015,3.437
2021-06-25,68.08,87.79,105.41,115.27,103.28,73.33,76.18,71.65,32.385,3.52
2021-06-28,68.08,87.79,105.41,115.27,103.28,72.2,74.68,71.54,32.29,3.593
2021-06-29,68.08,87.79,105.41,115.27,103.28,72.31,74.76,71.57,33.486,3.606
2021-06-30,68.08,87.79,105.41,115.27,103.28,72.77,75.13,71.57,34.62,3.624
2021-07-01,68.08,87.79,105.41,115.27,103.28,74.33,75.84,73.88,36.145,3.632
2021-07-02,69.0,89.18,107.39,115.27,105.45,74.36,76.17,74.23,35.827,3.668
2021-07-05,69.0,89.18,107.39,115.27,105.45,76.25,77.16,74.23,35.827,3.79
2021-07-06,69.0,89.18,107.39,115.27,105.45,72.58,74.53,72.93,34.105,3.608
2021-07-07,69.0,89.18,107.39,115.27,105.45,71.5,73.43,72.08,32.34,3.574
2021-07-08,69.0,89.18,107.39,115.27,105.45,72.22,74.12,72.58,33.31,3.667
2021-07-09,69.59,91.35,108.93,116.79,106.27,73.81,75.55,73.72,36.632,3.657
2021-07-12,69.59,91.35,108.93,116.79,106.27,73.44,75.16,73.54,34.65,3.732
2021-07-13,69.59,91.35,108.93,116.79,106.27,74.69,76.49,74.36,35.465,3.682
2021-07-14,69.59,91.35,108.93,116.79,106.27,72.64,74.76,73.48,34.775,3.648
2021-07-15,69.59,91.35,108.93,116.79,106.27,71.38,73.47,72.83,33.795,3.601
2021-07-16,76.65,98.11,117.78,121.27,111.27,71.56,73.59,72.92,34.84,3.658
2021-07-19,76.65,98.11,117.78,121.27,111.27,66.35,68.62,71.01,35.65,3.754
2021-07-20,76.65,98.11,117.78,121.27,111.27,67.2,69.35,71.28,35.165,3.852
2021-07-21,76.65,98.11,117.78,121.27,111.27,69.57,72.23,72.28,35.95,3.938
2021-07-22,76.65,98.11,117.78,121.27,111.27,71.14,73.79,72.81,36.13,3.982
2021-07-23,81.12,102.56,123.15,129.15,116.25,71.38,74.1,72.87,35.525,4.042
2021-07-26,81.12,102.56,123.15,129.15,116.25,71.34,74.5,72.83,36.915,4.082
2021-07-27,81.12,102.56,123.15,129.15,116.25,71.14,74.48,72.81,37.59,3.942
2021-07-28,81.12,102.56,123.15,129.15,116.25,71.79,74.74,72.81,39.7,3.967
2021-07-29,81.12,102.56,123.15,129.15,116.25,72.98,76.05,72.89,41.154,4.06
2021-07-30,82.0,104.57,125.64,130.15,117.69,73.23,76.33,72.9,40.755,3.92
2021-08-02,82.0,104.57,125.64,130.15,117.69,70.61,72.89,71.37,42.155,3.938
2021-08-03,82.0,104.57,125.64,130.15,117.69,70.03,72.41,70.95,41.245,4.032
2021-08-04,82.0,104.57,125.64,130.15,117.69,67.79,70.38,69.39,42.255,4.163
2021-08-05,82.0,104.57,125.64,130.15,117.69,68.74,71.29,70.22,42.9,4.148
2021-08-06,82.66,104.82,125.73,133.49,120.14,68.1,70.7,69.74,43.12,4.154
2021-08-09,82.66,104.82,125.73,133.49,120.14,66.3,69.04,68.49,42.785,4.075
2021-08-10,82.66,104.82,125.73,133.49,120.14,68.06,70.63,69.71,44.655,4.103
2021-08-11,82.66,104.82,125.73,133.49,120.14,69.02,71.44,70.42,45.985,4.071
2021-08-12,82.66,104.82,125.73,133.49,120.14,68.9,71.31,70.44,45.87,3.948
2021-08-13,87.6,108.79,132.07,137.06,120.16,68.21,70.59,70.05,44.63,3.875
2021-08-16,87.6,108.79,132.07,137.06,120.16,67.05,69.51,69.53,47.99,3.96
2021-08-17,87.6,108.79,132.07,137.06,120.16,66.34,69.03,69.33,46.95,3.851
2021-08-18,87.6,108.79,132.07,137.06,120.16,65.21,68.23,68.95,45.385,3.866
2021-08-19,87.6,108.79,132.07,137.06,120.16,63.5,66.45,68.03,40.395,3.844
2021-08-20,88.46,110.86,133.05,139.82,125.12,62.14,65.18,67.6,41.944,3.866
2021-08-23,88.46,110.86,133.05,139.82,125.12,65.34,68.75,68.76,41.68,3.96
2021-08-24,88.46,110.86,133.05,139.82,125.12,67.25,71.05,69.31,44.87,3.916
2021-08-25,88.46,110.86,133.05,139.82,125.12,68.06,72.25,69.45,45.285,3.925
2021-08-26,88.46,110.86,133.05,139.82,125.12,67.1,71.07,69.24,45.79,4.211
2021-08-27,89.14,113.48,135.76,142.09,126.11,68.48,72.7,69.44,47.806,4.388
2021-08-30,89.14,113.48,135.76,142.09,126.11,68.93,73.41,69.46,49.68,4.359
2021-08-31,89.14,113.48,135.76,142.09,126.11,68.26,72.99,69.49,50.34,4.425
2021-09-01,89.14,113.48,135.76,142.09,126.11,68.32,71.59,69.92,50.23,4.663
2021-09-02,89.14,113.48,135.76,142.09,126.11,69.73,73.03,71.22,51.915,4.692
2021-09-03,95.79,120.49,144.6,148.85,130.82,69.07,72.61,70.64,51.505,4.762
2021-09-06,95.79,120.49,144.6,148.85,130.82,68.8,72.22,70.64,51.505,4.693
2021-09-07,95.79,120.49,144.6,148.85,130.82,68.13,71.69,69.71,53.91,4.615
2021-09-08,95.79,120.49,144.6,148.85,130.82,69.05,72.6,70.38,55.29,4.962
2021-09-09,95.79,120.49,144.6,148.85,130.82,67.92,71.45,69.63,56.58,5.072
2021-09-10,98.9,124.34,148.35,153.77,135.88,69.47,72.92,70.7,57.916,4.973
2021-09-13,98.9,124.34,148.35,153.77,135.88,70.19,73.51,71.11,61.28,5.273
2021-09-14,98.9,124.34,148.35,153.77,135.88,70.23,73.6,71.19,65.765,5.305
2021-09-15,98.9,124.34,148.35,153.77,135.88,72.33,75.46,72.09,70.705,5.507
2021-09-16,98.9,124.34,148.35,153.77,135.88,72.37,75.67,72.07,63.25,5.382
2021-09-17,100.79,126.75,149.79,158.7,138.5,71.82,75.34,71.92,65.103,5.146
2021-09-20,100.79,126.75,149.79,158.7,138.5,70.14,73.92,71.36,75.315,5.022
2021-09-21,100.79,126.75,149.79,158.7,138.5,70.49,74.36,71.57,73.78,4.842
2021-09-22,100.79,126.75,149.79,158.7,138.5,71.89,76.19,72.14,71.69,4.855
2021-09-23,100.79,126.75,149.79,158.7,138.5,72.95,77.25,72.35,69.685,5.043
2021-09-24,104.18,130.63,156.17,162.24,141.65,73.61,78.09,72.45,70.24,5.2
2021-09-27,104.18,130.63,156.17,162.24,141.65,75.08,79.53,72.61,76.505,5.731
2021-09-28,104.18,130.63,156.17,162.24,141.65,74.9,79.09,72.63,78.565,5.88
2021-09-29,104.18,130.63,156.17,162.24,141.65,74.5,78.64,72.57,86.609,5.595
2021-09-30,104.18,130.63,156.17,162.24,141.65,74.7,78.52,72.61,97.775,5.991
2021-10-01,126.17,155.43,183.7,193.94,160.76,75.58,79.28,76.77,93.625,5.763
2021-10-04,126.17,155.43,183.7,193.94,160.76,77.33,81.26,78.52,96.65,5.906
2021-10-05,126.17,155.43,183.7,193.94,160.76,78.57,82.56,79.71,116.02,6.432
2021-10-06,126.17,155.43,183.7,193.94,160.76,77.06,81.08,78.69,108.19,5.803
2021-10-07,126.17,155.43,183.7,193.94,160.76,77.96,81.95,79.45,96.585,5.817
2021-10-08,152.61,185.6,216.97,229.89,175.32,78.76,82.39,79.76,87.605,5.71
2021-10-11,152.61,185.6,216.97,229.89,175.32,79.92,83.65,80.68,85.215,5.502
2021-10-12,152.61,185.6,216.97,229.89,175.32,79.92,83.42,80.58,85.7,5.663
2021-10-13,152.61,185.6,216.97,229.89,175.32,79.82,83.18,80.45,93.615,5.753
2021-10-14,152.61,185.6,216.97,229.89,175.32,80.77,84.0,80.95,102.17,5.837
2021-10-15,158.45,192.5,224.43,239.82,217.15,81.73,84.86,81.51,93.65,5.6
2021-10-18,158.45,192.5,224.43,239.82,217.15,81.69,84.33,81.31,93.935,5.236
2021-10-19,158.45,192.5,224.43,239.82,217.15,82.44,85.08,81.61,89.93,5.35
2021-10-20,158.45,192.5,224.43,239.82,217.15,83.42,85.82,81.81,93.45,5.447
2021-10-21,158.45,192.5,224.43,239.82,217.15,81.36,84.61,81.44,88.465,5.346
2021-10-22,132.88,167.09,191.93,212.47,196.52,82.5,85.53,81.61,87.34,5.461
2021-10-25,132.88,167.09,191.93,212.47,196.52,82.61,85.99,81.73,88.645,6.056
2021-10-26,132.88,167.09,191.93,212.47,196.52,83.36,86.4,81.82,88.495,6.003
2021-10-27,132.88,167.09,191.93,212.47,196.52,81.48,84.58,81.6,86.82,6.198
2021-10-28,132.88,167.09,191.93,212.47,196.52,81.46,84.32,81.55,77.032,5.871
2021-10-29,103.51,130.91,155.6,175.77,172.48,81.78,84.38,81.58,64.865,5.529
2021-11-01,103.51,130.91,155.6,175.77,172.48,82.45,84.71,82.38,65.62,5.305
2021-11-02,103.51,130.91,155.6,175.77,172.48,82.44,84.72,82.54,67.605,5.64
2021-11-03,103.51,130.91,155.6,175.77,172.48,79.57,81.99,80.16,76.54,5.78
2021-11-04,103.51,130.91,155.6,175.77,172.48,77.7,80.54,78.95,73.375,5.826
2021-11-05,84.19,107.17,122.99,136.78,140.33,80.13,82.74,80.94,74.025,5.626
2021-11-08,84.19,107.17,122.99,136.78,140.33,80.74,83.43,81.62,79.075,5.505
2021-11-09,84.19,107.17,122.99,136.78,140.33,82.56,84.78,82.58,72.585,5.07
2021-11-10,84.19,107.17,122.99,136.78,140.33,80.06,82.64,81.27,70.125,4.974
2021-11-11,84.19,107.17,122.99,136.78,140.33,80.42,82.87,81.67,74.79,5.245
2021-11-12,86.7,107.14,127.16,137.69,132.75,79.69,82.17,81.48,75.675,4.88
2021-11-15,86.7,107.14,127.16,137.69,132.75,79.75,82.05,81.41,79.945,5.104
2021-11-16,86.7,107.14,127.16,137.69,132.75,79.74,82.43,81.67,94.19,5.27
2021-11-17,86.7,107.14,127.16,137.69,132.75,77.55,80.28,80.76,95.005,4.914
2021-11-18,86.7,107.14,127.16,137.69,132.75,78.41,81.24,81.11,95.165,4.995
2021-11-19,81.9,104.56,122.32,131.43,124.36,75.94,78.89,80.33,87.125,5.145
2021-11-22,81.9,104.56,122.32,131.43,124.36,76.12,79.7,80.55,84.015,4.861
2021-11-23,81.9,104.56,122.32,131.43,124.36,77.94,82.31,81.22,90.925,5.035
2021-11-24,81.9,104.56,122.32,131.43,124.36,77.81,82.25,81.2,93.985,5.114
2021-11-25,81.9,104.56,122.32,131.43,124.36,77.41,82.22,81.2,93.985,5.087
2021-11-26,101.1,129.26,148.17,158.3,135.53,67.84,72.72,80.08,87.772,5.477
2021-11-29,101.1,129.26,148.17,158.3,135.53,69.62,73.44,80.31,93.146,4.768
2021-11-30,101.1,129.26,148.17,158.3,135.53,65.85,70.57,80.28,92.515,4.506
2021-12-01,101.1,129.26,148.17,158.3,135.53,65.37,68.87,67.73,95.675,4.188
2021-12-02,101.1,129.26,148.17,158.3,135.53,66.27,69.67,68.62,94.83,3.997
2021-12-03,77.98,99.91,120.15,128.44,123.95,66.1,69.88,68.91,89.48,4.073
2021-12-06,77.98,99.91,120.15,128.44,123.95,69.3,73.08,71.65,89.93,3.625
2021-12-07,77.98,99.91,120.15,128.44,123.95,71.84,75.44,73.54,95.885,3.674
2021-12-08,77.98,99.91,120.15,128.44,123.95,72.18,75.82,73.69,101.5,3.774
2021-12-09,77.98,99.91,120.15,128.44,123.95,70.79,74.42,72.72,100.445,3.784
2021-12-10,83.41,106.41,126.08,132.67,126.0,71.48,75.15,73.19,105.775,3.889
2021-12-13,83.41,106.41,126.08,132.67,126.0,71.06,74.39,72.71,116.085,3.761
2021-12-14,83.41,106.41,126.08,132.67,126.0,70.52,73.7,72.22,128.3,3.713
2021-12-15,83.41,106.41,126.08,132.67,126.0,70.66,73.88,72.38,132.285,3.761
2021-12-16,83.41,106.41,126.08,132.67,126.0,72.15,75.02,73.02,142.765,3.715
2021-12-17,91.4,115.27,135.33,145.76,123.63,70.72,73.52,72.43,136.915,3.639
2021-12-20,91.4,115.27,135.33,145.76,123.63,68.61,71.52,71.65,146.925,3.758
2021-12-21,91.4,115.27,135.33,145.76,123.63,70.82,73.98,72.42,180.265,3.774
2021-12-22,91.4,115.27,135.33,145.76,123.63,72.33,75.29,72.71,172.875,3.86
2021-12-23,91.4,115.27,135.33,145.76,123.63,73.42,76.85,72.99,132.58,3.63
2021-12-24,90.92,115.6,138.08,147.24,130.54,73.42,76.14,72.99,132.58,3.63
2021-12-27,90.92,115.6,138.08,147.24,130.54,75.18,78.6,73.2,106.895,3.942
2021-12-28,90.92,115.6,138.08,147.24,130.54,75.6,78.94,73.16,106.59,3.885
2021-12-29,90.92,115.6,138.08,147.24,130.54,76.18,79.23,73.21,96.475,3.85
2021-12-30,90.92,115.6,138.08,147.24,130.54,76.61,79.32,73.2,87.027,3.435
2021-12-31,75.54,97.28,115.55,125.65,125.77,74.88,77.78,73.19,70.345,3.557
2022-01-03,75.54,97.28,115.55,125.65,125.77,75.85,78.98,77.03,80.435,3.678
2022-01-04,75.54,97.28,115.55,125.65,125.77,76.74,80.0,78.03,88.74,3.582
2022-01-05,75.54,97.28,115.55,125.65,125.77,77.47,80.8,78.81,91.52,3.71
2022-01-06,75.54,97.28,115.55,125.65,125.77,78.88,81.99,79.69,96.5,3.67
2022-01-07,87.11,110.04,128.79,143.52,138.8,78.44,81.75,79.53,88.175,3.726
2022-01-10,87.11,110.04,128.79,143.52,138.8,77.7,80.87,78.89,84.605,3.834
2022-01-11,87.11,110.04,128.79,143.52,138.8,80.67,83.72,80.79,78.735,3.968
2022-01-12,87.11,110.04,128.79,143.52,138.8,82.02,84.67,81.34,75.155,4.327
2022-01-13,87.11,110.04,128.79,143.52,138.8,81.62,84.47,81.3,85.46,4.005
2022-01-14,96.51,126.32,139.82,162.57,147.83,83.3,86.06,82.27,86.97,4.081
2022-01-17,96.51,126.32,139.82,162.57,147.83,83.69,86.48,82.27,86.97,4.276
2022-01-18,96.51,126.32,139.82,162.57,147.83,84.83,87.51,83.22,78.335,4.048
2022-01-19,96.51,126.32,139.82,162.57,147.83,85.8,88.44,83.56,75.6,3.845
2022-01-20,96.51,126.32,139.82,162.57,147.83,85.55,88.38,83.5,75.205,3.649
2022-01-21,114.04,138.43,158.47,182.55,159.43,84.14,87.89,83.29,78.98,3.782
2022-01-24,114.04,138.43,158.47,182.55,159.43,82.41,86.27,82.87,93.0,3.875
2022-01-25,114.04,138.43,158.47,182.55,159.43,84.37,88.2,83.21,93.58,3.894
2022-01-26,114.04,138.43,158.47,182.55,159.43,85.96,89.96,83.39,91.835,4.036
2022-01-27,114.04,138.43,158.47,182.55,159.43,85.29,89.34,83.33,92.3,4.283
2022-01-28,125.83,148.91,173.55,201.3,165.91,85.43,90.03,83.36,92.062,4.473
2022-01-31,125.83,148.91,173.55,201.3,165.91,86.49,91.21,83.45,84.67,4.675
2022-02-01,125.83,148.91,173.55,201.3,165.91,86.46,89.16,87.42,76.165,4.573
2022-02-02,125.83,148.91,173.55,201.3,165.91,86.69,89.47,87.77,77.35,5.044
2022-02-03,125.83,148.91,173.55,201.3,165.91,88.45,91.11,89.16,80.225,4.72
2022-02-04,109.0,138.89,153.16,183.78,169.78,90.33,93.27,91.06,82.65,4.492
2022-02-07,109.0,138.89,153.16,183.78,169.78,89.77,92.69,90.76,79.595,4.198
2022-02-08,109.0,138.89,153.16,183.78,169.78,87.9,90.78,89.28,77.3,4.218
2022-02-09,109.0,138.89,153.16,183.78,169.78,88.53,91.55,89.88,74.415,3.98
2022-02-10,109.0,138.89,153.16,183.78,169.78,88.56,91.41,89.92,74.355,3.943
2022-02-11,124.66,160.72,180.32,201.98,180.38,91.42,94.44,91.79,77.425,3.935
2022-02-14,124.66,160.72,180.32,201.98,180.38,93.5,96.48,92.61,80.77,4.16
2022-02-15,124.66,160.72,180.32,201.98,180.38,90.21,93.28,90.86,70.92,4.241
2022-02-16,124.66,160.72,180.32,201.98,180.38,91.83,94.81,91.56,69.795,4.572
2022-02-17,124.66,160.72,180.32,201.98,180.38,90.04,92.97,90.67,74.915,4.43
2022-02-18,128.49,162.33,181.9,211.52,183.03,90.21,93.54,90.9,73.76,4.377
2022-02-21,128.49,162.33,181.9,211.52,183.03,92.65,95.39,90.9,73.76,4.705
2022-02-22,128.49,162.33,181.9,211.52,183.03,91.91,96.84,91.84,79.79,4.461
2022-02-23,128.49,162.33,181.9,211.52,183.03,90.69,96.84,91.7,88.89,4.593
2022-02-24,128.49,162.33,181.9,211.52,183.03,90.94,99.08,92.07,134.315,4.641
2022-02-25,151.27,189.0,216.37,228.31,203.78,89.89,97.93,91.93,94.422,4.485
2022-02-28,151.27,189.0,216.37,228.31,203.78,93.5,100.99,92.34,98.595,4.42
2022-03-01,151.27,189.0,216.37,228.31,203.78,100.21,104.97,102.0,121.675,4.598
2022-03-02,151.27,189.0,216.37,228.31,203.78,107.06,112.93,109.4,165.545,4.787
2022-03-03,151.27,189.0,216.37,228.31,203.78,104.61,110.46,106.58,160.825,4.736
2022-03-04,251.7,306.76,346.85,359.9,271.7,112.11,118.11,114.95,192.55,5.036
2022-03-07,251.7,306.76,346.85,359.9,271.7,115.8,123.21,118.18,227.2,4.858
2022-03-08,251.7,306.76,346.85,359.9,271.7,119.65,127.98,122.53,214.555,4.563
2022-03-09,251.7,306.76,346.85,359.9,271.7,105.05,111.14,110.86,155.88,4.561
2022-03-10,251.7,306.76,346.85,359.9,271.7,102.99,109.33,110.2,126.4,4.669
2022-03-11,301.09,360.24,412.35,428.22,312.89,106.3,112.67,112.59,131.23,4.766
2022-03-14,301.09,360.24,412.35,428.22,312.89,101.18,106.9,109.18,114.52,4.702
2022-03-15,301.09,360.24,412.35,428.22,312.89,94.79,99.91,105.76,115.44,4.617
2022-03-16,301.09,360.24,412.35,428.22,312.89,93.59,98.02,104.89,102.625,4.784
2022-03-17,301.09,360.24,412.35,428.22,312.89,101.65,106.64,108.78,105.09,5.021
2022-03-18,183.2,226.55,260.51,294.8,254.6,103.09,107.93,108.99,105.045,4.902
2022-03-21,183.2,226.55,260.51,294.8,254.6,109.97,115.62,111.73,96.302,4.934
2022-03-22,183.2,226.55,260.51,294.8,254.6,109.27,115.48,111.43,98.745,5.227
2022-03-23,183.2,226.55,260.51,294.8,254.6,111.99,121.6,112.59,117.0,5.274
2022-03-24,183.2,226.55,260.51,294.8,254.6,109.43,119.03,111.82,111.61,5.446
2022-03-25,181.59,221.54,262.71,263.13,233.97,111.06,120.65,112.1,101.27,5.611
2022-03-28,181.59,221.54,262.71,263.13,233.97,103.42,112.48,110.84,102.545,5.538
2022-03-29,181.59,221.54,262.71,263.13,233.97,102.05,110.23,110.55,108.38,5.33
2022-03-30,181.59,221.54,262.71,263.13,233.97,105.68,113.45,110.89,118.97,5.658
2022-03-31,181.59,221.54,262.71,263.13,233.97,98.52,107.91,110.89,125.905,5.701
2022-04-01,167.18,212.22,252.38,259.76,223.29,97.9,104.39,101.85,112.15,5.795
2022-04-04,167.18,212.22,252.38,259.76,223.29,101.84,107.53,104.77,109.525,5.793
2022-04-05,167.18,212.22,252.38,259.76,223.29,100.68,106.64,103.27,108.565,6.108
2022-04-06,167.18,212.22,252.38,259.76,223.29,95.41,101.07,98.81,106.79,6.107
2022-04-07,167.18,212.22,252.38,259.76,223.29,95.51,100.58,98.42,104.565,6.436
2022-04-08,192.7,234.24,275.9,281.74,232.45,97.73,102.78,99.72,103.88,6.356
2022-04-11,192.7,234.24,275.9,281.74,232.45,93.92,98.48,97.02,100.135,6.723
2022-04-12,192.7,234.24,275.9,281.74,232.45,100.15,104.64,101.49,102.22,6.763
2022-04-13,192.7,234.24,275.9,281.74,232.45,103.79,108.78,103.7,105.325,7.096
2022-04-14,215.98,265.25,309.88,326.69,237.11,106.38,111.7,104.82,95.62,7.423
2022-04-18,215.98,265.25,309.88,326.69,237.11,107.61,113.16,105.44,95.62,7.958
2022-04-19,215.98,265.25,309.88,326.69,237.11,102.05,107.25,103.09,93.77,7.277
2022-04-20,215.98,265.25,309.88,326.69,237.11,102.19,106.8,103.12,94.23,7.065
2022-04-21,215.98,265.25,309.88,326.69,237.11,102.96,108.33,103.85,100.06,7.096
2022-04-22,219.92,270.96,312.47,326.31,257.5,101.05,106.65,103.43,94.875,6.663
2022-04-25,219.92,270.96,312.47,326.31,257.5,97.67,102.32,102.3,92.835,6.805
2022-04-26,219.92,270.96,312.47,326.31,257.5,100.41,104.99,102.69,103.21,6.978
2022-04-27,219.92,270.96,312.47,326.31,257.5,100.68,105.32,102.69,107.425,7.339
2022-04-28,219.92,270.96,312.47,326.31,257.5,103.47,107.59,102.76,100.142,6.994
2022-04-29,190.92,237.52,276.97,280.04,231.68,102.94,109.34,102.79,99.45,7.355
2022-05-03,190.92,237.52,276.97,280.04,231.68,100.9,104.97,103.39,99.425,8.025
2022-05-04,190.92,237.52,276.97,280.04,231.68,106.22,110.14,105.97,103.82,8.472
2022-05-05,190.92,237.52,276.97,280.04,231.68,106.74,110.9,106.4,106.51,8.841
2022-05-06,203.31,253.63,290.76,301.97,259.81,108.33,112.39,107.57,101.71,8.128
2022-05-09,203.31,253.63,290.76,301.97,259.81,101.77,105.94,102.79,93.785,7.106
2022-05-10,203.31,253.63,290.76,301.97,259.81,98.45,102.46,100.43,98.8,7.467
2022-05-11,203.31,253.63,290.76,301.97,259.81,104.03,107.51,104.56,94.01,7.727
2022-05-12,203.31,253.63,290.76,301.97,259.81,104.4,107.45,104.66,106.7,7.835
2022-05-13,208.26,260.79,295.6,324.6,262.18,108.63,111.55,107.23,96.88,7.765
2022-05-16,208.26,260.79,295.6,324.6,262.18,111.82,114.24,108.4,92.86,8.053
2022-05-17,208.26,260.79,295.6,324.6,262.18,109.63,111.93,106.88,94.175,8.394
2022-05-18,208.26,260.79,295.6,324.6,262.18,107.04,109.11,105.53,94.54,8.455
2022-05-19,208.26,260.79,295.6,324.6,262.18,109.89,112.04,106.99,91.025,8.4
2022-05-20,222.35,274.11,314.74,347.18,252.02,110.28,112.55,107.21,87.9,8.178
2022-05-23,222.35,274.11,314.74,347.18,252.02,107.54,113.42,107.32,83.29,8.827
2022-05-24,222.35,274.11,314.74,347.18,252.02,107.2,113.56,107.17,84.505,8.836
2022-05-25,222.35,274.11,314.74,347.18,252.02,107.75,114.03,107.17,88.08,8.993
2022-05-26,222.35,274.11,314.74,347.18,252.02,111.25,117.4,107.64,85.97,8.895
2022-05-27,192.68,246.64,290.52,317.46,251.72,112.23,119.43,107.75,86.875,8.712
2022-05-30,192.68,246.64,290.52,317.46,251.72,117.61,121.67,107.75,86.875,8.686
2022-05-31,192.68,246.64,290.52,317.46,251.72,111.91,122.84,108.13,94.005,8.138
2022-06-01,194.96,255.32,303.74,333.07,249.34,112.72,116.29,110.91,85.55,8.686
2022-06-02,194.96,255.32,303.74,333.07,249.34,114.3,117.61,112.02,83.945,8.474
2022-06-03,194.96,255.32,303.74,333.07,249.34,116.23,119.72,113.83,83.1,8.51
2022-06-06,194.96,255.32,303.74,333.07,249.34,116.06,119.51,114.01,82.56,9.306
2022-06-07,194.96,255.32,303.74,333.07,249.34,117.1,120.57,115.29,79.61,9.278
2022-06-08,194.96,255.32,303.74,333.07,249.34,119.78,123.58,117.5,79.405,8.679
2022-06-09,194.96,255.32,303.74,333.07,249.34,119.09,123.07,117.09,84.88,8.978
2022-06-10,171.75,231.88,282.79,312.42,235.58,118.12,122.01,116.67,82.465,8.867
2022-06-13,171.75,231.88,282.79,312.42,235.58,118.25,122.27,116.64,83.4,8.619
2022-06-14,171.75,231.88,282.79,312.42,235.58,116.26,121.17,115.71,97.04,7.18
2022-06-15,171.75,231.88,282.79,312.42,235.58,113.09,118.51,114.35,120.33,7.406
2022-06-16,171.75,231.88,282.79,312.42,235.58,115.25,119.81,115.34,124.365,7.438
2022-06-17,152.38,208.65,270.89,312.3,215.13,107.99,113.12,112.72,117.74,6.906
2022-06-20,152.38,208.65,270.89,312.3,215.13,108.84,114.13,112.72,117.74,6.713
2022-06-21,152.38,208.65,270.89,312.3,215.13,109.52,114.65,113.34,125.56,6.783
2022-06-22,152.38,208.65,270.89,312.3,215.13,103.99,111.74,112.34,127.17,6.872
2022-06-23,152.38,208.65,270.89,312.3,215.13,101.58,110.05,111.86,133.345,6.283
2022-06-24,180.69,269.37,323.82,354.25,216.24,104.45,113.12,112.3,128.505,6.281
2022-06-27,180.69,269.37,323.82,354.25,216.24,106.38,115.09,112.7,129.46,6.546
2022-06-28,180.69,269.37,323.82,354.25,216.24,108.89,117.98,113.11,129.175,6.57
2022-06-29,180.69,269.37,323.82,354.25,216.24,107.01,116.26,113.02,139.588,6.493
2022-06-30,180.69,269.37,323.82,354.25,216.24,103.1,114.81,113.24,144.515,5.392
2022-07-01,155.08,235.17,301.85,332.33,215.96,105.39,111.63,107.89,147.785,5.712
2022-07-04,155.08,235.17,301.85,332.33,215.96,110.4,113.5,107.89,147.785,5.853
2022-07-05,155.08,235.17,301.85,332.33,215.96,96.52,102.77,100.73,165.075,5.487
2022-07-06,155.08,235.17,301.85,332.33,215.96,94.98,100.69,98.98,171.0,5.482
2022-07-07,155.08,235.17,301.85,332.33,215.96,99.25,104.65,102.02,183.185,6.262
2022-07-08,167.09,251.57,322.37,348.09,215.06,101.53,107.02,104.22,175.21,5.967
2022-07-11,167.09,251.57,322.37,348.09,215.06,101.21,107.1,104.28,164.52,6.319
2022-07-12,167.09,251.57,322.37,348.09,215.06,93.31,99.49,99.14,172.61,6.021
2022-07-13,167.09,251.57,322.37,348.09,215.06,93.83,99.57,100.0,180.505,6.589
2022-07-14,167.09,251.57,322.37,348.09,215.06,92.83,99.1,99.7,175.035,6.511
2022-07-15,163.97,249.99,317.43,342.5,214.23,94.57,101.16,101.03,159.565,6.926
2022-07-18,163.97,249.99,317.43,342.5,214.23,99.42,106.27,103.58,157.26,7.382
2022-07-19,163.97,249.99,317.43,342.5,214.23,100.74,107.35,103.78,154.455,7.15
2022-07-20,163.97,249.99,317.43,342.5,214.23,99.88,106.92,103.54,155.04,7.899
2022-07-21,163.97,249.99,317.43,342.5,214.23,93.78,103.86,102.55,155.6,7.815
2022-07-22,144.63,213.02,285.76,302.73,225.35,92.43,103.2,102.32,159.865,8.195
2022-07-25,144.63,213.02,285.76,302.73,225.35,94.42,105.15,102.63,176.615,8.571
2022-07-26,144.63,213.02,285.76,302.73,225.35,92.88,104.4,102.66,199.92,8.825
2022-07-27,144.63,213.02,285.76,302.73,225.35,95.29,106.62,102.75,205.225,8.554
2022-07-28,144.63,213.02,285.76,302.73,225.35,94.65,107.14,102.8,198.93,8.118
2022-07-29,166.43,239.95,316.32,321.62,224.48,96.75,110.01,103.12,190.915,8.208
2022-08-01,166.43,239.95,316.32,321.62,224.48,92.39,100.03,97.87,200.795,8.26
2022-08-02,166.43,239.95,316.32,321.62,224.48,93.22,100.54,99.4,205.175,7.698
2022-08-03,166.43,239.95,316.32,321.62,224.48,89.74,96.78,95.97,199.195,8.262
2022-08-04,166.43,239.95,316.32,321.62,224.48,87.56,94.12,94.08,199.25,8.114
2022-08-05,142.01,210.93,278.17,319.38,219.98,88.08,94.92,94.41,196.32,8.051
2022-08-08,142.01,210.93,278.17,319.38,219.98,89.93,96.65,96.04,193.055,7.578
2022-08-09,142.01,210.93,278.17,319.38,219.98,89.67,96.31,95.97,192.185,7.825
2022-08-10,142.01,210.93,278.17,319.38,219.98,91.2,97.4,96.87,205.365,8.193
2022-08-11,142.01,210.93,278.17,319.38,219.98,93.53,99.6,98.18,208.11,8.863
2022-08-12,135.46,211.07,279.91,303.62,222.25,91.46,98.15,96.48,206.11,8.744
2022-08-15,135.46,211.07,279.91,303.62,222.25,88.85,95.1,94.97,220.11,8.712
2022-08-16,135.46,211.07,279.91,303.62,222.25,86.16,92.34,93.46,225.915,9.311
2022-08-17,135.46,211.07,279.91,303.62,222.25,87.69,93.65,94.04,225.835,9.228
2022-08-18,135.46,211.07,279.91,303.62,222.25,90.11,96.59,95.18,241.005,9.17
2022-08-19,161.43,244.45,314.1,346.77,210.12,90.44,96.72,95.39,244.55,9.315
2022-08-22,161.43,244.45,314.1,346.77,210.12,90.36,96.48,95.39,276.75,9.647
2022-08-23,161.43,244.45,314.1,346.77,210.12,93.25,100.22,96.41,269.05,9.155
2022-08-24,161.43,244.45,314.1,346.77,210.12,94.4,101.22,96.46,292.15,9.3
2022-08-25,161.43,244.45,314.1,346.77,210.12,92.19,99.34,96.23,321.415,9.344
2022-08-26,156.81,250.45,317.77,361.63,214.47,92.39,100.99,96.53,339.195,9.269
2022-08-30,156.81,250.45,317.77,361.63,214.47,91.17,99.31,96.51,252.937,9.103
2022-08-31,156.81,250.45,317.77,361.63,214.47,89.03,96.49,96.6,239.905,9.189
2022-09-01,156.81,250.45,317.77,361.63,214.47,86.22,92.36,92.08,243.005,9.33
2022-09-02,149.02,245.77,313.05,335.58,223.82,86.48,93.02,92.6,214.665,8.85
2022-09-05,149.02,245.77,313.05,335.58,223.82,88.96,95.74,92.6,214.665,8.714
2022-09-06,149.02,245.77,313.05,335.58,223.82,86.51,92.83,93.13,239.84,8.212
2022-09-07,149.02,245.77,313.05,335.58,223.82,81.63,88.0,89.36,213.885,7.901
2022-09-08,149.02,245.77,313.05,335.58,223.82,83.07,89.15,90.17,220.54,7.971
2022-09-09,146.73,239.97,305.48,324.56,213.11,86.36,92.84,92.78,207.09,8.044
2022-09-12,146.73,239.97,305.48,324.56,213.11,87.41,94.0,93.36,190.59,8.287
2022-09-13,146.73,239.97,305.48,324.56,213.11,86.89,93.17,92.51,198.61,8.334
2022-09-14,146.73,239.97,305.48,324.56,213.11,88.05,94.1,93.35,217.88,9.167
2022-09-15,146.73,239.97,305.48,324.56,213.11,84.65,90.84,91.98,214.285,8.372
2022-09-16,131.83,205.34,268.75,281.1,211.47,84.76,91.35,92.26,187.795,7.811
2022-09-20,131.83,205.34,268.75,281.1,211.47,83.94,90.62,91.9,194.26,7.772
2022-09-21,131.83,205.34,268.75,281.1,211.47,82.43,89.83,91.81,189.78,7.827
2022-09-22,131.83,205.34,268.75,281.1,211.47,83.03,90.46,92.18,187.47,7.193
2022-09-23,123.13,199.2,259.31,269.06,207.46,78.25,86.15,91.02,185.495,6.992
2022-09-26,123.13,199.2,259.31,269.06,207.46,76.18,84.06,90.5,173.835,7.014
2022-09-27,123.13,199.2,259.31,269.06,207.46,77.81,86.27,90.72,186.1,6.76
2022-09-28,123.13,199.2,259.31,269.06,207.46,81.24,89.32,90.9,207.185,6.955
2022-09-29,123.13,199.2,259.31,269.06,207.46,80.42,88.49,90.81,187.665,7.142
2022-09-30,137.4,209.12,269.39,267.5,183.88,78.72,87.96,90.91,188.8,7.065
2022-10-03,137.4,209.12,269.39,267.5,183.88,82.7,88.86,88.03,169.91,6.803
2022-10-04,137.4,209.12,269.39,267.5,183.88,85.5,91.8,90.9,161.95,7.174
2022-10-05,137.4,209.12,269.39,267.5,183.88,86.84,93.37,92.12,173.695,7.236
2022-10-06,137.4,209.12,269.39,267.5,183.88,87.59,94.42,92.98,175.71,7.242
2022-10-07,133.8,194.27,251.91,252.2,190.43,91.35,97.92,95.8,156.205,7.047
2022-10-10,133.8,194.27,251.91,252.2,190.43,89.84,96.19,94.42,154.12,6.784
2022-10-11,133.8,194.27,251.91,252.2,190.43,87.97,94.29,92.93,156.78,6.928
2022-10-12,133.8,194.27,251.91,252.2,190.43,86.06,92.45,91.58,160.19,6.766
2022-10-13,133.8,194.27,251.91,252.2,190.43,87.95,94.57,92.42,153.81,7.053
2022-10-14,124.23,176.57,228.71,228.94,185.92,84.65,91.63,90.79,141.995,6.827
2022-10-17,124.23,176.57,228.71,228.94,185.92,84.53,91.62,90.71,127.98,6.479
2022-10-18,124.23,176.57,228.71,228.94,185.92,82.07,90.03,89.92,113.22,6.237
2022-10-19,124.23,176.57,228.71,228.94,185.92,84.52,92.41,90.53,112.51,5.928
2022-10-20,124.23,176.57,228.71,228.94,185.92,84.51,92.38,90.54,127.145,5.838
2022-10-21,115.27,165.67,216.02,229.33,176.76,83.95,93.5,90.95,113.575,5.472
2022-10-24,115.27,165.67,216.02,229.33,176.76,83.59,93.26,90.88,99.17,5.753
2022-10-25,115.27,165.67,216.02,229.33,176.76,84.31,93.52,90.84,99.795,6.166
2022-10-26,115.27,165.67,216.02,229.33,176.76,86.68,95.69,91.16,104.32,6.119
2022-10-27,115.27,165.67,216.02,229.33,176.76,87.83,96.96,91.26,107.385,5.875
2022-10-28,112.79,156.98,203.85,219.3,176.32,86.61,95.77,91.11,112.244,5.953
2022-10-31,112.79,156.98,203.85,219.3,176.32,85.4,94.83,91.13,123.35,6.607
2022-11-01,112.79,156.98,203.85,219.3,176.32,87.19,94.65,91.22,116.195,6.08
2022-11-02,112.79,156.98,203.85,219.3,176.32,88.86,96.16,91.87,125.865,6.589
2022-11-03,112.79,156.98,203.85,219.3,176.32,87.18,94.67,89.5,125.445,6.33
2022-11-04,125.47,147.0,191.34,205.64,171.86,91.45,98.57,93.63,114.785,6.754
2022-11-07,125.47,147.0,191.34,205.64,171.86,90.73,97.92,92.68,109.685,7.244
2022-11-08,125.47,147.0,191.34,205.64,171.86,88.0,95.36,90.62,118.145,6.524
2022-11-09,125.47,147.0,191.34,205.64,171.86,85.0,92.65,88.8,113.145,6.225
2022-11-10,125.47,147.0,191.34,205.64,171.86,85.66,93.67,89.36,113.45,6.613
2022-11-11,125.18,143.85,164.24,172.55,158.45,88.16,95.99,91.11,97.855,6.263
2022-11-14,125.18,143.85,164.24,172.55,158.45,85.16,93.14,89.5,113.705,6.299
2022-11-15,125.18,143.85,164.24,172.55,158.45,86.25,93.86,89.44,124.105,6.395
2022-11-16,125.18,143.85,164.24,172.55,158.45,85.0,92.86,88.94,113.9,6.607
2022-11-17,125.18,143.85,164.24,172.55,158.45,81.4,89.78,87.59,112.555,6.744
2022-11-18,119.49,147.03,173.52,181.7,154.98,80.11,87.62,86.86,115.51,6.716
2022-11-21,119.49,147.03,173.52,181.7,154.98,80.04,87.45,86.62,116.13,7.223
2022-11-22,119.49,147.03,173.52,181.7,154.98,80.73,88.36,86.6,119.64,7.406
2022-11-23,119.49,147.03,173.52,181.7,154.98,78.07,85.41,85.88,129.62,7.708
2022-11-24,119.49,147.03,173.52,181.7,154.98,77.95,85.34,85.88,129.62,7.177
2022-11-25,130.77,162.8,191.17,217.08,157.55,76.43,83.63,85.79,124.37,7.33
2022-11-28,130.77,162.8,191.17,217.08,157.55,77.33,83.19,85.97,123.28,7.196
2022-11-29,130.77,162.8,191.17,217.08,157.55,78.28,83.03,86.19,132.286,7.084
2022-11-30,130.77,162.8,191.17,217.08,157.55,80.66,85.43,86.22,146.395,6.818
2022-12-01,130.77,162.8,191.17,217.08,157.55,81.14,86.88,80.94,139.26,6.631
2022-12-02,145.3,175.18,210.88,236.32,165.72,80.05,85.57,80.1,135.56,6.169
2022-12-05,145.3,175.18,210.88,236.32,165.72,77.08,82.68,77.52,134.7,5.484
2022-12-06,145.3,175.18,210.88,236.32,165.72,74.46,79.35,75.12,138.49,5.378
2022-12-07,145.3,175.18,210.88,236.32,165.72,72.28,77.17,73.88,149.245,5.617
2022-12-08,145.3,175.18,210.88,236.32,165.72,71.58,76.15,73.45,138.895,5.82
2022-12-09,138.18,172.46,211.75,235.9,164.13,71.21,76.1,73.71,139.115,6.082
2022-12-12,138.18,172.46,211.75,235.9,164.13,73.28,77.99,75.13,136.59,6.416
2022-12-13,138.18,172.46,211.75,235.9,164.13,75.44,80.68,76.62,137.53,6.733
2022-12-14,138.18,172.46,211.75,235.9,164.13,77.31,82.7,77.67,131.51,6.22
2022-12-15,138.18,172.46,211.75,235.9,164.13,76.15,81.21,76.9,134.765,6.589
2022-12-16,119.43,147.96,186.2,206.01,160.66,74.46,79.04,75.89,115.45,6.303
2022-12-19,119.43,147.96,186.2,206.01,160.66,75.38,79.8,76.31,108.545,5.71
2022-12-20,119.43,147.96,186.2,206.01,160.66,76.23,79.99,76.4,105.69,5.216
2022-12-21,119.43,147.96,186.2,206.01,160.66,78.24,82.2,77.1,97.75,5.238
2022-12-22,119.43,147.96,186.2,206.01,160.66,77.42,80.98,76.87,91.94,4.928
2022-12-23,116.49,140.33,173.37,177.92,162.07,79.64,83.92,77.48,82.975,4.98
2022-12-27,116.49,140.33,173.37,177.92,162.07,79.64,84.33,77.52,80.045,5.118
2022-12-28,116.49,140.33,173.37,177.92,162.07,79.08,83.26,77.39,81.35,4.685
2022-12-29,116.49,140.33,173.37,177.92,162.07,78.5,82.26,77.24,83.83,4.117
2022-12-30,98.55,126.43,160.44,186.25,156.63,80.45,85.91,77.2,76.315,4.104
2023-01-03,98.55,126.43,160.44,186.25,156.63,77.12,82.1,77.91,72.315,3.641
2023-01-04,98.55,126.43,160.44,186.25,156.63,73.1,77.84,74.69,65.02,3.78
2023-01-05,98.55,126.43,160.44,186.25,156.63,73.92,78.69,75.46,72.42,3.426
2023-01-06,112.23,126.64,159.49,179.05,150.04,74.04,78.57,75.4,69.535,3.392
2023-01-09,112.23,126.64,159.49,179.05,150.04,74.92,79.65,76.43,74.3,3.563
2023-01-10,112.23,126.64,159.49,179.05,150.04,75.37,80.1,77.06,70.07,3.314
2023-01-11,112.23,126.64,159.49,179.05,150.04,77.68,82.67,78.68,65.345,3.346
2023-01-12,112.23,126.64,159.49,179.05,150.04,78.65,84.03,79.39,66.81,3.355
2023-01-13,97.04,119.51,147.63,163.95,146.2,80.11,85.28,80.02,64.81,3.196
2023-01-16,97.04,119.51,147.63,163.95,146.2,79.04,84.46,80.02,64.81,3.675
2023-01-17,97.04,119.51,147.63,163.95,146.2,80.45,85.92,80.66,60.06,3.253
2023-01-18,97.04,119.51,147.63,163.95,146.2,79.8,84.98,80.19,61.71,3.111
2023-01-19,97.04,119.51,147.63,163.95,146.2,80.61,86.16,80.49,60.715,3.124
2023-01-20,106.55,124.98,150.35,166.49,146.98,81.64,87.63,81.0,66.9,3.036
2023-01-23,106.55,124.98,150.35,166.49,146.98,81.93,88.19,81.07,66.0,3.222
2023-01-24,106.55,124.98,150.35,166.49,146.98,80.44,86.13,80.6,58.27,3.057
2023-01-25,106.55,124.98,150.35,166.49,146.98,80.44,86.12,80.57,56.66,2.915
2023-01-26,106.55,124.98,150.35,166.49,146.98,81.28,87.47,80.74,54.815,2.848
2023-01-27,100.63,121.2,139.81,150.36,141.97,79.96,86.66,80.58,55.425,2.849
2023-01-30,100.63,121.2,139.81,150.36,141.97,78.18,84.9,80.42,55.156,2.731
2023-01-31,100.63,121.2,139.81,150.36,141.97,79.17,84.49,80.38,57.35,2.741
2023-02-01,100.63,121.2,139.81,150.36,141.97,76.73,82.84,80.32,59.525,2.536
2023-02-02,100.63,121.2,139.81,150.36,141.97,76.2,82.17,80.07,57.04,2.522
2023-02-03,98.3,116.85,133.1,145.78,136.65,73.74,79.94,78.1,57.89,2.48
2023-02-06,98.3,116.85,133.1,145.78,136.65,74.47,80.99,78.97,58.11,2.535
2023-02-07,98.3,116.85,133.1,145.78,136.65,77.39,83.69,81.19,55.405,2.664
2023-02-08,98.3,116.85,133.1,145.78,136.65,78.69,85.09,82.17,53.685,2.477
2023-02-09,98.3,116.85,133.1,145.78,136.65,78.27,84.5,81.86,52.735,2.492
2023-02-10,97.55,116.91,132.67,144.45,134.3,79.92,86.39,83.15,53.945,2.607
2023-02-13,97.55,116.91,132.67,144.45,134.3,80.33,86.61,83.52,51.705,2.499
2023-02-14,97.55,116.91,132.67,144.45,134.3,79.24,85.58,83.05,52.385,2.652
2023-02-15,97.55,116.91,132.67,144.45,134.3,78.83,85.38,82.95,54.715,2.555
2023-02-16,97.55,116.91,132.67,144.45,134.3,78.74,85.14,82.83,52.01,2.485
2023-02-17,95.97,114.69,130.44,136.87,128.91,76.55,83.0,82.07,49.045,2.352
2023-02-20,95.97,114.69,130.44,136.87,128.91,77.3,84.07,82.07,49.045,2.324
2023-02-21,95.97,114.69,130.44,136.87,128.91,76.36,83.05,82.17,48.54,2.177
2023-02-22,95.97,114.69,130.44,136.87,128.91,74.19,80.6,81.69,50.57,2.298
2023-02-23,95.97,114.69,130.44,136.87,128.91,75.6,82.21,81.98,50.78,2.432
2023-02-24,93.81,112.82,129.45,136.57,127.6,76.47,83.16,82.12,51.015,2.548
2023-02-27,93.81,112.82,129.45,136.57,127.6,75.81,82.45,82.05,47.299,2.853
2023-02-28,93.81,112.82,129.45,136.57,127.6,77.19,83.89,82.08,46.665,2.863
2023-03-01,93.81,112.82,129.45,136.57,127.6,77.83,84.31,82.35,47.085,2.943
2023-03-02,93.81,112.82,129.45,136.57,127.6,78.31,84.75,83.06,46.815,2.899
2023-03-03,96.39,114.61,130.18,140.9,132.0,79.79,85.83,84.31,44.98,3.141
2023-03-06,96.39,114.61,130.18,140.9,132.0,80.56,86.18,84.4,42.15,2.73
2023-03-07,96.39,114.61,130.18,140.9,132.0,77.72,83.29,82.07,43.37,2.84
2023-03-08,96.39,114.61,130.18,140.9,132.0,76.81,82.66,81.97,42.34,2.713
2023-03-09,96.39,114.61,130.18,140.9,132.0,75.84,81.59,81.24,43.6,2.683
2023-03-10,92.09,107.99,122.49,127.13,129.88,76.78,82.78,82.16,52.855,2.559
2023-03-13,92.09,107.99,122.49,127.13,129.88,74.91,80.77,81.01,49.585,2.726
2023-03-14,92.09,107.99,122.49,127.13,129.88,71.49,77.45,79.2,44.185,2.69
2023-03-15,92.09,107.99,122.49,127.13,129.88,67.74,73.69,77.25,42.905,2.546
2023-03-16,92.09,107.99,122.49,127.13,129.88,68.52,74.7,77.85,44.34,2.626
2023-03-17,93.8,112.06,128.5,134.18,130.96,66.93,72.97,77.14,42.855,2.446
2023-03-20,93.8,112.06,128.5,134.18,130.96,67.82,73.79,77.37,39.325,2.331
2023-03-21,93.8,112.06,128.5,134.18,130.96,69.67,75.32,77.97,42.4,2.485
2023-03-22,93.8,112.06,128.5,134.18,130.96,71.02,76.69,78.35,39.975,2.307
2023-03-23,93.8,112.06,128.5,134.18,130.96,70.12,75.91,78.13,43.185,2.283
2023-03-24,92.0,108.94,123.68,130.07,130.44,69.41,74.99,77.86,41.095,2.361
2023-03-27,92.0,108.94,123.68,130.07,130.44,72.93,78.12,78.4,42.53,2.215
2023-03-28,92.0,108.94,123.68,130.07,130.44,73.34,78.65,78.45,42.75,2.147
2023-03-29,92.0,108.94,123.68,130.07,130.44,73.12,78.28,78.41,42.805,2.184
2023-03-30,92.0,108.94,123.68,130.07,130.44,74.49,79.27,78.47,43.609,2.358
2023-03-31,94.51,111.41,128.84,135.08,128.99,75.8,79.77,78.49,47.845,2.465
2023-04-03,94.51,111.41,128.84,135.08,128.99,80.44,84.93,84.69,51.365,2.333
2023-04-04,94.51,111.41,128.84,135.08,128.99,80.72,84.94,84.47,46.57,2.344
2023-04-05,94.51,111.41,128.84,135.08,128.99,80.63,84.99,84.59,44.575,2.381
2023-04-06,95.97,113.65,129.24,133.76,127.96,80.68,85.12,84.99,43.125,2.238
2023-04-11,95.97,113.65,129.24,133.76,127.96,81.49,85.61,85.19,43.69,2.351
2023-04-12,95.97,113.65,129.24,133.76,127.96,83.09,87.33,86.35,42.88,2.267
2023-04-13,95.97,113.65,129.24,133.76,127.96,82.04,86.09,85.61,42.095,2.197
2023-04-14,89.92,105.11,119.93,122.4,126.04,82.43,86.31,85.64,41.15,2.305
2023-04-17,89.92,105.11,119.93,122.4,126.04,80.83,84.76,84.95,41.125,2.444
2023-04-18,89.92,105.11,119.93,122.4,126.04,80.9,84.77,85.0,42.72,2.517
2023-04-19,89.92,105.11,119.93,122.4,126.04,79.24,83.12,84.36,40.3,2.395
2023-04-20,89.92,105.11,119.93,122.4,126.04,77.37,81.1,83.55,40.565,2.427
2023-04-21,90.45,107.23,120.27,126.95,125.23,77.71,81.66,83.71,40.165,2.408
2023-04-24,90.45,107.23,120.27,126.95,125.23,78.6,82.73,83.9,39.925,2.471
2023-04-25,90.45,107.23,120.27,126.95,125.23,76.87,80.77,83.62,39.835,2.437
2023-04-26,90.45,107.23,120.27,126.95,125.23,74.19,77.69,83.23,38.55,2.305
2023-04-27,90.45,107.23,120.27,126.95,125.23,74.58,78.37,83.32,39.039,2.548
2023-04-28,91.28,108.09,122.2,127.42,125.82,76.61,79.54,83.41,38.54,2.578
2023-05-02,91.28,108.09,122.2,127.42,125.82,71.55,75.32,75.01,37.53,2.417
2023-05-03,91.28,108.09,122.2,127.42,125.82,68.55,72.33,72.28,36.78,2.36
2023-05-04,91.28,108.09,122.2,127.42,125.82,68.51,72.5,72.5,35.655,2.297
2023-05-05,87.26,103.26,116.71,122.63,123.74,71.27,75.3,74.88,36.575,2.321
2023-05-09,87.26,103.26,116.71,122.63,123.74,73.62,77.44,76.55,35.95,2.427
2023-05-10,87.26,103.26,116.71,122.63,123.74,72.52,76.41,75.64,34.995,2.336
2023-05-11,87.26,103.26,116.71,122.63,123.74,70.88,74.98,74.74,34.995,2.345
2023-05-12,78.21,97.07,104.98,112.03,116.59,70.02,74.17,74.01,32.765,2.438
2023-05-15,78.21,97.07,104.98,112.03,116.59,71.09,75.23,74.54,32.315,2.542
2023-05-16,78.21,97.07,104.98,112.03,116.59,70.84,74.91,74.42,31.82,2.534
2023-05-17,78.21,97.07,104.98,112.03,116.59,72.89,76.96,75.18,31.955,2.509
2023-05-18,78.21,97.07,104.98,112.03,116.59,71.94,75.86,74.76,29.785,2.715
2023-05-19,71.96,87.11,97.31,103.98,108.14,71.69,75.58,74.61,30.175,2.707
2023-05-22,71.96,87.11,97.31,103.98,108.14,72.05,75.99,74.77,29.71,2.551
2023-05-23,71.96,87.11,97.31,103.98,108.14,72.85,76.84,74.99,29.125,2.489
2023-05-24,71.96,87.11,97.31,103.98,108.14,74.29,78.36,75.41,27.785,2.566
2023-05-25,71.96,87.11,97.31,103.98,108.14,71.93,76.26,75.0,25.45,2.476
2023-05-26,71.12,86.39,98.43,104.24,104.4,72.76,76.95,75.14,24.52,2.417
2023-05-30,71.12,86.39,98.43,104.24,104.4,69.6,73.54,74.95,24.681,2.416
2023-05-31,71.12,86.39,98.43,104.24,104.4,68.24,72.66,74.93,26.85,2.358
2023-06-01,71.12,86.39,98.43,104.24,104.4,70.2,74.28,72.75,23.105,2.273
2023-06-02,67.16,81.5,92.15,96.72,101.01,71.84,76.13,74.41,23.69,2.299
2023-06-05,67.16,81.5,92.15,96.72,101.01,72.26,76.71,75.14,28.48,2.366
2023-06-06,67.16,81.5,92.15,96.72,101.01,71.85,76.29,75.5,24.86,2.381
2023-06-07,67.16,81.5,92.15,96.72,101.01,72.64,76.95,75.83,26.33,2.433
2023-06-08,67.16,81.5,92.15,96.72,101.01,71.44,75.96,75.2,26.945,2.434
2023-06-09,71.06,85.96,97.6,100.6,99.36,70.33,74.79,74.38,32.05,2.331
2023-06-12,71.06,85.96,97.6,100.6,99.36,67.29,71.84,72.41,31.035,2.336
2023-06-13,71.06,85.96,97.6,100.6,99.36,69.58,74.29,73.89,36.05,2.407
2023-06-14,71.06,85.96,97.6,100.6,99.36,68.46,73.2,73.42,38.31,2.413
2023-06-15,71.06,85.96,97.6,100.6,99.36,70.81,75.67,74.69,41.145,2.609
2023-06-16,70.86,86.93,100.23,100.86,95.63,71.93,76.61,75.2,35.01,2.721
2023-06-19,70.86,86.93,100.23,100.86,95.63,71.31,76.09,75.2,35.01,2.643
2023-06-20,70.86,86.93,100.23,100.86,95.63,71.19,75.9,75.1,38.71,2.57
2023-06-21,70.86,86.93,100.23,100.86,95.63,72.52,77.12,75.7,36.745,2.677
2023-06-22,70.86,86.93,100.23,100.86,95.63,69.63,74.14,74.91,34.095,2.704
2023-06-23,70.13,84.58,100.69,99.48,97.08,69.32,73.85,74.88,32.507,2.843
2023-06-26,70.13,84.58,100.69,99.48,97.08,69.54,74.18,74.93,31.975,2.892
2023-06-27,70.13,84.58,100.69,99.48,97.08,67.9,72.26,74.78,34.505,2.789
2023-06-28,70.13,84.58,100.69,99.48,97.08,69.73,74.03,74.94,34.125,2.668
2023-06-29,70.13,84.58,100.69,99.48,97.08,70.02,74.34,74.95,35.18,2.691
2023-06-30,71.28,87.01,101.66,100.88,97.75,70.78,74.9,74.99,37.103,2.774
2023-07-03,71.28,87.01,101.66,100.88,97.75,69.91,74.65,74.91,33.93,2.702
2023-07-04,71.28,87.01,101.66,100.88,97.75,71.06,76.25,74.91,33.93,2.751
2023-07-05,71.28,87.01,101.66,100.88,97.75,71.88,76.65,76.42,34.375,2.643
2023-07-06,71.28,87.01,101.66,100.88,97.75,71.79,76.52,76.54,32.35,2.599
2023-07-07,72.95,89.24,104.04,102.9,98.17,73.77,78.47,78.24,33.478,2.57
2023-07-10,72.95,89.24,104.04,102.9,98.17,72.95,77.69,77.62,30.225,2.641
2023-07-11,72.95,89.24,104.04,102.9,98.17,74.71,79.4,78.79,29.06,2.692
2023-07-12,72.95,89.24,104.04,102.9,98.17,75.54,80.11,79.07,26.64,2.597
2023-07-13,72.95,89.24,104.04,102.9,98.17,76.76,81.36,79.89,26.605,2.534
2023-07-14,64.62,79.61,93.42,92.82,94.9,75.32,79.87,79.31,25.957,2.53
2023-07-17,64.62,79.61,93.42,92.82,94.9,74.08,78.5,78.83,25.1,2.504
2023-07-18,64.62,79.61,93.42,92.82,94.9,75.66,79.63,79.33,27.07,2.618
2023-07-19,64.62,79.61,93.42,92.82,94.9,75.29,79.46,79.3,26.965,2.585
2023-07-20,64.62,79.61,93.42,92.82,94.9,75.65,79.64,79.41,28.02,2.731
2023-07-21,68.77,83.05,94.84,90.6,97.63,76.78,81.07,79.9,28.164,2.707
2023-07-24,68.77,83.05,94.84,90.6,97.63,78.4,82.74,80.3,30.555,2.688
2023-07-25,68.77,83.05,94.84,90.6,97.63,79.2,83.64,80.49,32.65,2.747
2023-07-26,68.77,83.05,94.84,90.6,97.63,78.4,82.92,80.29,29.275,2.693
2023-07-27,68.77,83.05,94.84,90.6,97.63,79.63,84.24,80.42,28.435,2.595
2023-07-28,72.43,88.62,101.66,89.19,97.25,80.18,84.99,80.43,25.841,2.753
2023-07-31,72.43,88.62,101.66,89.19,97.25,81.32,85.56,80.44,28.365,2.741
2023-08-01,72.43,88.62,101.66,89.19,97.25,80.92,84.91,85.58,27.125,2.672
2023-08-02,72.43,88.62,101.66,89.19,97.25,79.13,83.2,84.32,28.74,2.586
2023-08-03,72.43,88.62,101.66,89.19,97.25,81.08,85.14,86.18,30.475,2.67
2023-08-04,72.3,88.82,101.37,105.18,99.29,82.27,86.24,87.23,28.853,2.681
2023-08-07,72.3,88.82,101.37,105.18,99.29,81.49,85.34,86.75,30.485,2.813
2023-08-08,72.3,88.82,101.37,105.18,99.29,82.36,86.17,87.47,31.065,2.864
2023-08-09,72.3,88.82,101.37,105.18,99.29,83.69,87.55,88.18,39.825,3.053
2023-08-10,72.3,88.82,101.37,105.18,99.29,82.29,86.4,87.32,37.055,2.87
2023-08-11,75.4,92.25,105.73,111.3,101.49,82.57,86.81,87.63,35.3,2.882
2023-08-14,75.4,92.25,105.73,111.3,101.49,81.92,86.21,87.2,34.435,2.898
2023-08-15,75.4,92.25,105.73,111.3,101.49,80.5,84.89,86.39,38.815,2.781
2023-08-16,75.4,92.25,105.73,111.3,101.49,79.02,83.45,85.68,37.785,2.726
2023-08-17,75.4,92.25,105.73,111.3,101.49,79.9,84.12,86.0,36.825,2.755
2023-08-18,79.28,96.66,110.94,115.63,103.82,80.66,84.8,86.44,36.41,2.691
2023-08-21,79.28,96.66,110.94,115.63,103.82,80.12,84.46,86.36,40.78,2.743
2023-08-22,79.28,96.66,110.94,115.63,103.82,79.64,84.03,86.28,42.91,2.652
2023-08-23,79.28,96.66,110.94,115.63,103.82,78.59,83.21,86.09,36.785,2.592
2023-08-24,79.28,96.66,110.94,115.63,103.82,78.66,83.36,86.18,31.94,2.636
2023-08-25,82.54,100.17,115.36,120.33,105.88,79.49,84.48,86.4,34.775,2.657
2023-08-29,82.54,100.17,115.36,120.33,105.88,80.68,85.49,86.43,35.195,2.662
2023-08-30,82.54,100.17,115.36,120.33,105.88,81.12,85.86,86.42,35.992,3.181
2023-08-31,82.54,100.17,115.36,120.33,105.88,82.96,86.86,86.46,35.03,3.147
2023-09-01,81.79,99.41,113.72,112.63,108.31,84.75,88.55,89.68,35.617,3.111
2023-09-04,81.79,99.41,113.72,112.63,108.31,85.82,89.0,89.68,35.617,2.647
2023-09-05,81.79,99.41,113.72,112.63,108.31,86.01,90.04,90.8,34.45,2.991
2023-09-06,81.79,99.41,113.72,112.63,108.31,86.79,90.6,91.69,31.075,2.943
2023-09-07,81.79,99.41,113.72,112.63,108.31,86.15,89.92,90.86,32.755,2.958
2023-09-08,79.64,97.85,111.5,115.37,108.41,86.81,90.65,91.37,34.51,2.966
2023-09-11,79.64,97.85,111.5,115.37,108.41,86.66,90.64,91.38,35.85,2.937
2023-09-12,79.64,97.85,111.5,115.37,108.41,88.16,92.06,92.34,34.7,3.015
2023-09-13,79.64,97.85,111.5,115.37,108.41,87.88,91.88,92.18,36.815,2.987
2023-09-14,79.64,97.85,111.5,115.37,108.41,89.61,93.7,93.45,35.52,2.983
2023-09-15,85.45,104.8,118.88,122.34,111.18,90.02,93.93,93.56,36.485,2.932
2023-09-18,85.45,104.8,118.88,122.34,111.18,90.58,94.43,93.64,34.475,3.001
2023-09-19,85.45,104.8,118.88,122.34,111.18,90.48,94.34,93.15,36.78,3.026
2023-09-20,85.45,104.8,118.88,122.34,111.18,89.66,93.53,93.14,37.285,2.921
2023-09-21,85.45,104.8,118.88,122.34,111.18,88.32,93.3,93.04,39.105,2.84
2023-09-22,88.71,107.76,123.98,131.77,116.48,88.35,93.27,93.05,39.791,2.879
2023-09-25,88.71,107.76,123.98,131.77,116.48,88.17,93.29,92.91,44.44,2.906
2023-09-26,88.71,107.76,123.98,131.77,116.48,88.78,93.96,93.03,40.32,2.845
2023-09-27,88.71,107.76,123.98,131.77,116.48,91.3,96.55,93.26,39.295,2.899
2023-09-28,88.71,107.76,123.98,131.77,116.48,89.59,95.38,93.16,39.736,3.34
2023-09-29,89.84,109.47,125.8,133.79,118.29,88.8,95.31,93.31,41.859,3.312
2023-10-02,89.84,109.47,125.8,133.79,118.29,87.17,90.71,91.33,39.335,3.233
2023-10-03,89.84,109.47,125.8,133.79,118.29,87.44,90.92,91.43,36.985,3.313
2023-10-04,89.84,109.47,125.8,133.79,118.29,82.55,85.81,86.93,38.44,3.32
2023-10-05,89.84,109.47,125.8,133.79,118.29,80.81,84.07,85.5,36.205,3.511
2023-10-06,84.48,101.92,117.35,125.44,119.6,81.28,84.58,85.88,38.231,3.641
2023-10-09,84.48,101.92,117.35,125.44,119.6,84.6,88.15,88.54,43.955,3.631
2023-10-10,84.48,101.92,117.35,125.44,119.6,84.13,87.65,88.22,49.455,3.659
2023-10-11,84.48,101.92,117.35,125.44,119.6,82.07,85.82,87.21,46.07,3.658
2023-10-12,84.48,101.92,117.35,125.44,119.6,81.8,86.0,87.37,53.0,3.639
2023-10-13,91.16,112.25,125.93,133.41,123.7,86.35,90.89,90.12,53.982,3.584
2023-10-16,91.16,112.25,125.93,133.41,123.7,85.26,89.65,89.61,48.465,3.479
2023-10-17,91.16,112.25,125.93,133.41,123.7,85.44,89.9,89.84,48.895,3.468
2023-10-18,91.16,112.25,125.93,133.41,123.7,87.27,91.5,90.53,50.835,3.463
2023-10-19,91.16,112.25,125.93,133.41,123.7,88.37,92.38,90.83,50.17,3.326
2023-10-20,94.45,113.71,128.44,134.73,124.55,88.08,92.16,90.66,51.112,3.258
2023-10-23,94.45,113.71,128.44,134.73,124.55,84.42,89.83,90.07,51.275,3.273
2023-10-24,94.45,113.71,128.44,134.73,124.55,82.97,88.07,89.54,49.265,3.322
2023-10-25,94.45,113.71,128.44,134.73,124.55,84.69,90.13,90.02,49.925,3.376
2023-10-26,94.45,113.71,128.44,134.73,124.55,82.54,87.93,89.64,50.81,3.477
2023-10-27,88.64,107.51,121.68,126.8,121.91,84.7,90.48,89.88,50.53,3.483
2023-10-30,88.64,107.51,121.68,126.8,121.91,81.68,87.45,89.68,50.547,3.589
2023-10-31,88.64,107.51,121.68,126.8,121.91,80.5,87.41,89.76,48.005,3.813
2023-11-01,88.64,107.51,121.68,126.8,121.91,80.1,84.63,85.24,47.755,3.753
2023-11-02,88.64,107.51,121.68,126.8,121.91,82.16,86.85,87.65,48.565,3.75
2023-11-03,83.18,101.26,114.85,122.27,117.57,80.23,84.89,85.93,48.057,3.795
2023-11-06,83.18,101.26,114.85,122.27,117.57,80.6,85.18,86.32,44.83,3.564
2023-11-07,83.18,101.26,114.85,122.27,117.57,77.21,81.61,83.58,46.055,3.463
2023-11-08,83.18,101.26,114.85,122.27,117.57,75.31,79.54,82.2,45.775,3.389
2023-11-09,83.18,101.26,114.85,122.27,117.57,75.75,80.01,82.44,48.13,3.333
2023-11-10,77.81,94.6,108.43,116.69,114.04,77.15,81.43,83.35,46.63,3.284
2023-11-13,77.81,94.6,108.43,116.69,114.04,78.19,82.52,83.86,47.875,3.4
2023-11-14,77.81,94.6,108.43,116.69,114.04,78.17,82.47,83.82,47.61,3.316
2023-11-15,77.81,94.6,108.43,116.69,114.04,76.79,81.18,83.21,47.035,3.362
2023-11-16,77.81,94.6,108.43,116.69,114.04,73.09,77.42,81.51,45.85,3.239
2023-11-17,74.8,91.56,104.62,110.41,113.29,76.04,80.61,83.08,45.064,3.131
2023-11-20,74.8,91.56,104.62,110.41,113.29,77.83,82.32,83.78,45.82,3.05
2023-11-21,74.8,91.56,104.62,110.41,113.29,77.92,82.45,83.92,44.065,2.993
2023-11-22,74.8,91.56,104.62,110.41,113.29,77.25,81.96,83.76,44.615,3.033
2023-11-23,74.8,91.56,104.62,110.41,113.29,76.34,81.42,83.76,44.615,2.93
2023-11-24,76.82,94.01,105.44,109.99,111.68,75.77,80.58,83.4,46.655,2.999
2023-11-27,76.82,94.01,105.44,109.99,111.68,75.09,79.98,83.32,43.985,2.946
2023-11-28,76.82,94.01,105.44,109.99,111.68,76.59,81.68,83.46,42.775,2.837
2023-11-29,76.82,94.01,105.44,109.99,111.68,77.99,83.1,83.49,40.36,2.769
2023-11-30,76.82,94.01,105.44,109.99,111.68,76.05,82.83,83.56,42.09,2.763
2023-12-01,76.19,93.15,105.08,104.96,110.66,74.25,78.88,79.44,43.496,2.773
2023-12-04,76.19,93.15,105.08,104.96,110.66,73.32,78.03,78.19,40.105,2.651
2023-12-05,76.19,93.15,105.08,104.96,110.66,72.53,77.2,77.48,38.135,2.667
2023-12-06,76.19,93.15,105.08,104.96,110.66,69.65,74.3,75.3,39.315,2.517
2023-12-07,76.19,93.15,105.08,104.96,110.66,69.59,74.05,75.27,39.97,2.52
2023-12-08,73.96,89.28,100.27,101.73,108.33,71.44,75.84,76.51,38.6,2.504
2023-12-11,73.96,89.28,100.27,101.73,108.33,71.56,76.03,76.77,36.12,2.35
2023-12-12,73.96,89.28,100.27,101.73,108.33,68.85,73.24,74.98,34.705,2.24
2023-12-13,73.96,89.28,100.27,101.73,108.33,69.72,74.26,74.87,35.81,2.292
2023-12-14,73.96,89.28,100.27,101.73,108.33,71.91,76.61,76.3,34.85,2.347
2023-12-15,70.8,86.89,98.24,99.81,104.07,71.78,76.55,76.34,33.19,2.425
2023-12-18,70.8,86.89,98.24,99.81,104.07,72.82,77.95,76.72,35.52,2.416
2023-12-19,70.8,86.89,98.24,99.81,104.07,73.94,79.23,77.19,32.57,2.366
2023-12-20,70.8,86.89,98.24,99.81,104.07,74.45,79.7,77.36,33.52,2.347
2023-12-21,70.8,86.89,98.24,99.81,104.07,74.06,79.39,77.27,34.205,2.459
2023-12-22,70.35,86.36,97.18,97.99,103.44,73.73,79.07,77.29,34.174,2.49
2023-12-26,70.35,86.36,97.18,97.99,103.44,75.71,81.07,77.59,34.175,2.419
2023-12-27,70.35,86.36,97.18,97.99,103.44,74.34,79.65,77.39,35.515,2.437
2023-12-28,70.35,86.36,97.18,97.99,103.44,71.97,78.39,77.29,33.105,2.377
2023-12-29,70.83,84.89,97.04,97.56,103.05,71.84,77.04,77.33,32.35,2.327
2024-01-02,70.83,84.89,97.04,94.75,103.05,70.62,75.89,75.97,30.57,2.386
2024-01-03,70.83,84.89,97.04,94.75,103.05,72.89,78.25,78.2,32.795,2.448
2024-01-04,70.83,84.89,97.04,94.75,103.05,72.36,77.59,77.14,33.41,2.559
2024-01-05,70.58,84.87,96.54,94.75,102.62,73.86,78.76,78.29,34.55,2.621
2024-01-08,70.58,84.87,96.54,96.94,102.62,70.92,76.12,76.16,31.58,2.598
2024-01-09,70.58,84.87,96.54,96.94,102.62,72.29,77.59,77.41,30.64,2.697
2024-01-10,70.58,84.87,96.54,96.94,102.62,71.44,76.8,77.04,30.94,2.562
2024-01-11,70.58,84.87,96.54,96.94,102.62,72.09,77.41,77.48,30.815,2.54
2024-01-12,68.88,84.49,94.3,96.94,101.8,72.79,78.29,77.88,31.99,2.617
2024-01-15,68.88,84.49,94.3,96.23,101.8,72.79,78.15,77.88,31.99,3.066
2024-01-16,68.88,84.49,94.3,96.23,101.8,72.52,78.29,77.7,29.655,2.477
2024-01-17,68.88,84.49,94.3,96.23,101.8,72.48,77.88,77.45,27.71,2.496
2024-01-18,68.88,84.49,94.3,96.23,101.8,73.95,79.1,77.99,27.895,2.413
2024-01-19,66.82,82.68,92.74,96.23,99.5,73.25,78.56,77.77,28.429,2.252
2024-01-22,66.82,82.68,92.74,91.04,99.5,74.76,80.06,78.3,27.265,2.125
2024-01-23,66.82,82.68,92.74,91.04,99.5,74.27,79.55,78.18,27.225,2.167
2024-01-24,66.82,82.68,92.74,91.04,99.5,74.98,80.04,78.33,28.93,2.262
2024-01-25,66.82,82.68,92.74,91.04,99.5,77.19,82.43,78.81,27.785,2.18
2024-01-26,63.76,79.22,89.26,91.04,97.7,77.86,83.55,78.89,28.079,2.175
2024-01-29,63.76,79.22,89.26,90.16,97.7,76.67,82.4,78.78,28.175,2.054
2024-01-30,63.76,79.22,89.26,90.16,97.7,77.65,82.87,78.83,29.391,2.104
2024-01-31,63.76,79.22,89.26,90.16,97.7,75.71,81.71,78.85,30.235,2.121
2024-02-01,63.76,79.22,89.26,90.16,97.7,73.79,78.7,78.57,28.99,2.064
2024-02-02,63.95,78.74,88.83,90.16,95.42,72.3,77.33,77.36,29.305,2.086
2024-02-05,63.95,78.74,88.83,92.22,95.42,72.85,77.99,78.08,28.34,2.074
2024-02-06,63.95,78.74,88.83,92.22,95.42,73.37,78.59,78.35,28.605,2.007
2024-02-07,63.95,78.74,88.83,92.22,95.42,73.91,79.21,78.85,28.185,1.98
2024-02-08,63.95,78.74,88.83,92.22,95.42,76.19,81.63,80.56,27.81,1.948
2024-02-09,65.8,81.73,91.0,92.22,96.54,76.77,82.19,80.66,27.115,1.885
2024-02-12,65.8,81.73,91.0,92.87,96.54,76.82,82.0,80.59,25.73,1.8
2024-02-13,65.8,81.73,91.0,92.87,96.54,77.56,82.77,81.1,25.435,1.742
2024-02-14,65.8,81.73,91.0,92.87,96.54,76.36,81.6,80.41,24.855,1.665
2024-02-15,65.8,81.73,91.0,92.87,96.54,77.59,82.86,81.02,24.965,1.647
2024-02-16,65.88,82.04,90.98,92.87,96.79,78.46,83.47,81.24,24.82,1.68
2024-02-19,65.88,82.04,90.98,93.15,96.79,78.11,83.56,81.24,24.82,1.558
2024-02-20,65.88,82.04,90.98,93.15,96.79,77.04,82.34,80.78,24.17,1.646
2024-02-21,65.88,82.04,90.98,93.15,96.79,77.31,83.03,81.02,23.975,1.863
2024-02-22,65.88,82.04,90.98,93.15,96.79,77.93,83.67,81.19,23.195,1.832
2024-02-23,66.13,82.13,91.23,93.15,97.82,76.08,81.62,80.71,22.934,1.699
2024-02-26,66.13,82.13,91.23,92.42,97.82,77.09,82.53,80.83,24.01,1.744
2024-02-27,66.13,82.13,91.23,92.42,97.82,78.23,83.65,80.93,24.39,1.808
2024-02-28,66.13,82.13,91.23,92.42,97.82,77.83,83.68,80.86,25.619,2.052
2024-02-29,66.13,82.13,91.23,92.42,97.82,77.45,83.62,80.88,24.865,2.008
2024-03-01,69.47,85.62,95.38,92.42,101.32,79.09,83.55,83.07,25.809,1.975
2024-03-04,69.47,85.62,95.38,94.9,101.32,78.17,82.8,82.06,26.885,2.073
2024-03-05,69.47,85.62,95.38,94.9,101.32,77.41,82.04,81.62,27.47,2.095
2024-03-06,69.47,85.62,95.38,94.9,101.32,78.41,82.96,82.42,26.57,2.072
2024-03-07,69.47,85.62,95.38,94.9,101.32,78.32,82.96,82.44,25.99,1.952
2024-03-08,72.42,90.49,101.98,94.9,106.86,77.5,82.08,81.97,26.39,1.923
2024-03-11,72.42,90.49,101.98,97.24,106.86,77.53,82.21,82.28,24.93,1.862
2024-03-12,72.42,90.49,101.98,97.24,106.86,77.25,81.92,82.14,24.775,1.823
2024-03-13,72.42,90.49,101.98,97.24,106.86,79.3,84.03,83.46,24.905,1.784
2024-03-14,72.42,90.49,101.98,97.24,106.86,80.74,85.42,83.9,26.05,1.862
2024-03-15,70.93,89.59,99.84,97.24,107.45,80.58,85.34,83.82,27.026,1.789
2024-03-18,70.93,89.59,99.84,100.64,107.45,82.16,86.89,84.47,28.82,1.833
2024-03-19,70.93,89.59,99.84,100.64,107.45,82.73,87.38,84.62,28.865,1.876
2024-03-20,70.93,89.59,99.84,100.64,107.45,81.27,85.95,84.15,27.74,1.845
2024-03-21,70.93,89.59,99.84,100.64,107.45,80.64,85.78,84.14,26.4,1.831
2024-03-22,70.16,89.59,99.51,100.91,105.39,80.17,85.43,84.03,27.776,1.812
2024-03-25,70.16,89.59,99.51,100.91,105.39,81.38,86.75,84.23,28.49,1.789
2024-03-26,70.16,89.59,99.51,100.91,105.39,81.04,86.25,84.14,27.13,1.788
2024-03-27,70.16,89.59,99.51,100.91,105.39,80.78,86.09,84.11,27.687,1.953
2024-03-28,73.17,91.01,102.58,100.91,105.67,82.42,87.48,84.15,27.34,1.997
2024-04-01,73.17,91.01,102.58,100.91,105.67,82.82,87.42,87.77,27.34,2.074
2024-04-02,73.17,91.01,102.58,102.51,105.67,84.22,88.92,89.24,26.205,2.105
2024-04-03,73.17,91.01,102.58,102.51,105.67,84.61,89.35,89.63,25.565,2.067
2024-04-04,73.17,91.01,102.58,102.51,105.67,85.81,90.65,90.53,26.205,1.997
2024-04-05,75.43,93.0,103.63,102.51,105.16,86.1,91.17,90.74,26.605,2.01
2024-04-08,75.43,93.0,103.63,106.93,105.16,85.53,90.38,90.02,27.91,2.051
2024-04-09,75.43,93.0,103.63,106.93,105.16,84.46,89.42,89.43,27.35,2.064
2024-04-10,75.43,93.0,103.63,106.93,105.16,85.44,90.48,90.13,27.1,2.074
2024-04-11,75.43,93.0,103.63,106.93,105.16,84.45,89.74,89.79,29.375,2.0
2024-04-12,72.41,92.75,104.42,106.93,106.36,85.08,90.45,90.22,30.732,2.029
2024-04-15,72.41,92.75,104.42,110.95,106.36,84.86,90.1,89.96,31.145,1.946
2024-04-16,72.41,92.75,104.42,110.95,106.36,84.83,90.02,89.91,33.14,1.988
2024-04-17,72.41,92.75,104.42,110.95,106.36,82.15,87.29,88.84,31.29,1.962
2024-04-18,72.41,92.75,104.42,110.95,106.36,82.1,87.11,88.81,32.31,1.986
2024-04-19,75.71,95.8,108.91,110.95,108.06,82.22,87.29,88.82,30.758,1.988
2024-04-22,75.71,95.8,108.91,106.69,108.06,81.9,87.0,88.72,29.31,2.065
2024-04-23,75.71,95.8,108.91,106.69,108.06,82.56,88.42,89.04,28.415,2.094
2024-04-24,75.71,95.8,108.91,106.69,108.06,82.09,88.02,89.02,29.02,1.979
2024-04-25,75.71,95.8,108.91,106.69,108.06,82.75,89.01,89.18,29.77,1.986
2024-04-26,71.77,91.31,103.78,106.69,107.74,83.13,89.5,89.19,28.885,1.923
2024-04-29,71.77,91.31,103.78,103.58,107.74,82.03,88.4,89.11,27.994,2.373
2024-04-30,71.77,91.31,103.78,103.58,107.74,81.28,87.86,89.17,29.12,2.319
2024-05-01,71.77,91.31,103.78,103.58,107.74,78.44,83.44,83.46,28.73,2.266
2024-05-02,71.77,91.31,103.78,103.58,107.74,78.48,83.67,83.87,30.915,2.331
2024-05-03,71.54,91.37,102.73,106.02,107.08,77.76,82.96,83.2,30.53,2.416
2024-05-07,71.54,91.37,102.73,106.02,107.08,78.06,83.16,83.57,31.065,2.471
2024-05-08,71.54,91.37,102.73,106.02,107.08,78.56,83.58,84.16,30.61,2.474
2024-05-09,71.54,91.37,102.73,106.02,107.08,78.8,83.88,84.18,30.865,2.537
2024-05-10,72.05,92.93,104.89,106.02,108.05,77.84,82.79,83.65,30.03,2.484
2024-05-13,72.05,92.93,104.89,106.05,108.05,78.6,83.36,84.14,29.58,2.587
2024-05-14,72.05,92.93,104.89,106.05,108.05,77.65,82.38,83.56,29.67,2.559
2024-05-15,72.05,92.93,104.89,106.05,108.05,78.16,82.75,83.67,29.735,2.631
2024-05-16,72.05,92.93,104.89,106.05,108.05,78.74,83.27,83.94,30.25,2.687
2024-05-17,71.86,92.39,103.69,106.05,108.7,79.58,83.98,84.38,30.769,2.789
2024-05-20,71.86,92.39,103.69,110.38,108.7,79.3,83.71,84.33,31.77,2.901
2024-05-21,71.86,92.39,103.69,110.38,108.7,78.66,82.88,84.13,33.005,2.839
2024-05-22,71.86,92.39,103.69,110.38,108.7,77.15,81.9,83.76,34.39,3.052
2024-05-23,71.86,92.39,103.69,110.38,108.7,76.46,81.36,83.65,35.23,2.923
2024-05-24,74.87,95.36,107.11,111.35,111.29,77.23,82.12,83.83,34.115,2.773
2024-05-28,74.87,95.36,107.11,111.35,111.29,79.35,84.22,84.15,33.535,2.825
2024-05-29,74.87,95.36,107.11,111.35,111.29,78.8,83.6,84.05,33.88,2.666
2024-05-30,74.87,95.36,107.11,111.35,111.29,77.54,81.86,84.0,35.192,2.647
2024-05-31,76.97,98.19,110.11,111.35,111.73,76.73,81.62,84.04,34.223,2.662
2024-06-03,76.97,98.19,110.11,109.62,111.73,74.09,78.36,79.17,36.015,2.804
2024-06-04,76.97,98.19,110.11,109.62,111.73,73.06,77.52,78.46,33.795,2.67
2024-06-05,76.97,98.19,110.11,109.62,111.73,73.82,78.41,78.87,33.355,2.828
2024-06-06,76.97,98.19,110.11,109.62,111.73,75.24,79.87,80.01,33.685,2.892
2024-06-07,76.13,96.98,108.91,109.62,112.64,75.22,79.62,79.79,33.109,2.996
2024-06-10,76.13,96.98,108.91,107.81,112.64,77.33,81.63,81.26,34.26,2.977
2024-06-11,76.13,96.98,108.91,107.81,112.64,77.55,81.92,81.36,34.285,3.193
2024-06-12,76.13,96.98,108.91,107.81,112.64,78.15,82.6,81.68,35.295,3.122
2024-06-13,76.13,96.98,108.91,107.81,112.64,78.26,82.75,81.6,35.725,3.037
2024-06-14,72.77,94.88,107.09,107.81,111.61,78.05,82.62,81.53,35.36,2.963
2024-06-17,72.77,94.88,107.09,106.83,111.61,79.72,84.25,82.15,34.21,2.867
2024-06-18,72.77,94.88,107.09,106.83,111.61,80.71,85.33,82.49,34.7,2.99
2024-06-19,72.77,94.88,107.09,106.83,111.61,80.59,85.07,82.49,34.7,2.916
2024-06-20,72.77,94.88,107.09,106.83,111.61,81.29,85.71,82.57,34.465,2.854
2024-06-21,73.3,94.56,107.31,106.83,111.2,79.96,85.24,82.42,33.936,2.836
2024-06-24,73.3,94.56,107.31,106.22,111.2,80.86,86.01,82.6,34.08,2.948
2024-06-25,73.3,94.56,107.31,106.22,111.2,80.07,85.01,82.42,34.855,2.863
2024-06-26,73.3,94.56,107.31,106.22,111.2,80.19,85.25,82.47,33.825,2.745
2024-06-27,73.3,94.56,107.31,106.22,111.2,80.83,86.39,82.49,34.565,2.675
2024-06-28,71.38,92.08,103.68,106.22,109.15,80.64,86.41,82.55,34.48,2.598
